shi,qu
温州市,龙湾区
杭州市,萧山区
绍兴市,越城区
丽水市,莲都区
温州市,鹿城区
温州市,永嘉县
湖州市,德清县
台州市,仙居县
温州市,瑞安市
嘉兴市,桐乡市
湖州市,吴兴区
宁波市,江北区
嘉兴市,桐乡市
台州市,三门县
湖州市,南浔区
杭州市,桐庐县
杭州市,江干区
台州市,温岭市
绍兴市,柯桥区
温州市,鹿城区
温州市,龙湾区
温州市,瓯海区
丽水市,庆元县
温州市,龙湾区
杭州市,江干区
嘉兴市,海宁市
温州市,苍南县
衢州市,常山县
湖州市,吴兴区
嘉兴市,海宁市
温州市,鹿城区
杭州市,江干区
杭州市,江干区
绍兴市,柯桥区
衢州市,柯城区
衢州市,柯城区
台州市,温岭市
杭州市,西湖区
台州市,路桥区
丽水市,莲都区
丽水市,龙泉市
绍兴市,诸暨市
湖州市,德清县
温州市,鹿城区
台州市,天台县
衢州市,江山市
湖州市,安吉县
温州市,乐清市
湖州市,长兴县
湖州市,南浔区
温州市,瑞安市
台州市,椒江区
台州市,天台县
台州市,椒江区
台州市,玉环市
温州市,鹿城区
衢州市,龙游县
台州市,路桥区
丽水市,莲都区
杭州市,建德市
丽水市,松阳县
嘉兴市,秀洲区
宁波市,江东区
台州市,温岭市
金华市,东阳市
温州市,瓯海区
杭州市,江干区
丽水市,莲都区
绍兴市,诸暨市
宁波市,奉化市
金华市,义乌市
杭州市,桐庐县
温州市,龙湾区
湖州市,吴兴区
金华市,义乌市
绍兴市,嵊州市
杭州市,滨江区
丽水市,青田县
温州市,瓯海区
杭州市,西湖区
绍兴市,嵊州市
台州市,温岭市
绍兴市,新昌县
宁波市,鄞州区
温州市,龙湾区
杭州市,余杭区
金华市,婺城区
湖州市,德清县
湖州市,长兴县
湖州市,南浔区
台州市,路桥区
绍兴市,柯桥区
丽水市,缙云县
金华市,东阳市
杭州市,江干区
台州市,温岭市
温州市,鹿城区
台州市,三门县
温州市,瑞安市
台州市,仙居县
杭州市,江干区
温州市,鹿城区
温州市,乐清市
其他,其他地区
湖州市,长兴县
杭州市,西湖区
绍兴市,诸暨市
湖州市,长兴县
台州市,温岭市
台州市,玉环市
湖州市,南浔区
绍兴市,柯桥区
湖州市,南浔区
温州市,平阳县
湖州市,安吉县
台州市,温岭市
台州市,天台县
杭州市,江干区
杭州市,拱墅区
丽水市,缙云县
温州市,瓯海区
绍兴市,柯桥区
杭州市,西湖区
嘉兴市,海宁市
温州市,瑞安市
绍兴市,诸暨市
丽水市,景宁县
宁波市,余姚市
绍兴市,上虞区
宁波市,奉化市
台州市,仙居县
杭州市,上城区
宁波市,宁海县
湖州市,吴兴区
台州市,黄岩区
杭州市,滨江区
湖州市,安吉县
台州市,临海市
杭州市,江干区
金华市,婺城区
湖州市,德清县
杭州市,下城区
嘉兴市,嘉善县
杭州市,富阳市
衢州市,江山市
湖州市,吴兴区
杭州市,江干区
湖州市,德清县
衢州市,龙游县
杭州市,上城区
杭州市,临安市
杭州市,江干区
绍兴市,嵊州市
湖州市,吴兴区
台州市,温岭市
绍兴市,越城区
台州市,温岭市
杭州市,萧山区
湖州市,吴兴区
温州市,瓯海区
湖州市,吴兴区
衢州市,江山市
绍兴市,柯桥区
绍兴市,越城区
绍兴市,越城区
温州市,苍南县
绍兴市,柯桥区
丽水市,莲都区
杭州市,江干区
台州市,路桥区
杭州市,上城区
丽水市,青田县
金华市,婺城区
湖州市,吴兴区
台州市,仙居县
湖州市,长兴县
台州市,临海市
台州市,椒江区
宁波市,余姚市
温州市,乐清市
杭州市,江干区
嘉兴市,桐乡市
湖州市,吴兴区
绍兴市,越城区
舟山市,岱山县
湖州市,南浔区
丽水市,莲都区
温州市,苍南县
衢州市,衢江区
杭州市,拱墅区
湖州市,安吉县
台州市,玉环市
杭州市,西湖区
湖州市,长兴县
湖州市,长兴县
湖州市,长兴县
湖州市,长兴县
湖州市,长兴县
湖州市,长兴县
嘉兴市,秀洲区
台州市,路桥区
温州市,瑞安市
温州市,龙湾区
绍兴市,诸暨市
温州市,乐清市
丽水市,莲都区
台州市,临海市
台州市,温岭市
衢州市,柯城区
湖州市,南浔区
温州市,龙湾区
嘉兴市,海盐县
舟山市,定海区
衢州市,柯城区
金华市,婺城区
杭州市,桐庐县
湖州市,吴兴区
温州市,瓯海区
台州市,临海市
宁波市,奉化市
绍兴市,越城区
杭州市,江干区
舟山市,定海区
湖州市,长兴县
温州市,乐清市
杭州市,建德市
杭州市,余杭区
温州市,乐清市
杭州市,临安市
温州市,龙湾区
舟山市,定海区
绍兴市,诸暨市
杭州市,萧山区
衢州市,常山县
衢州市,江山市
温州市,鹿城区
温州市,龙湾区
嘉兴市,秀洲区
衢州市,常山县
绍兴市,上虞区
湖州市,南浔区
湖州市,安吉县
湖州市,长兴县
湖州市,长兴县
湖州市,长兴县
湖州市,长兴县
湖州市,长兴县
湖州市,长兴县
丽水市,莲都区
杭州市,下城区
绍兴市,柯桥区
台州市,温岭市
台州市,温岭市
温州市,鹿城区
杭州市,上城区
丽水市,莲都区
温州市,苍南县
舟山市,定海区
金华市,兰溪市
绍兴市,诸暨市
温州市,永嘉县
温州市,鹿城区
绍兴市,越城区
温州市,瓯海区
湖州市,吴兴区
湖州市,安吉县
温州市,瑞安市
舟山市,定海区
宁波市,鄞州区
台州市,三门县
宁波市,慈溪市
杭州市,江干区
金华市,永康市
舟山市,普陀区
湖州市,安吉县
杭州市,临安市
温州市,瑞安市
杭州市,西湖区
绍兴市,诸暨市
丽水市,遂昌县
湖州市,长兴县
温州市,瑞安市
湖州市,安吉县
金华市,兰溪市
杭州市,江干区
嘉兴市,南湖区
杭州市,西湖区
湖州市,安吉县
台州市,天台县
杭州市,江干区
绍兴市,诸暨市
温州市,龙湾区
杭州市,西湖区
湖州市,吴兴区
温州市,永嘉县
绍兴市,柯桥区
湖州市,吴兴区
湖州市,吴兴区
台州市,天台县
温州市,鹿城区
杭州市,萧山区
衢州市,开化县
杭州市,江干区
湖州市,长兴县
舟山市,岱山县
宁波市,奉化市
温州市,龙湾区
嘉兴市,秀洲区
台州市,天台县
衢州市,开化县
湖州市,长兴县
宁波市,奉化市
金华市,永康市
宁波市,镇海区
舟山市,定海区
湖州市,长兴县
台州市,临海市
温州市,平阳县
绍兴市,越城区
温州市,文成县
湖州市,吴兴区
金华市,金东区
杭州市,江干区
台州市,椒江区
湖州市,南浔区
绍兴市,越城区
温州市,乐清市
衢州市,龙游县
杭州市,桐庐县
台州市,玉环市
衢州市,柯城区
金华市,浦江县
杭州市,滨江区
嘉兴市,嘉善县
湖州市,德清县
杭州市,西湖区
杭州市,江干区
杭州市,余杭区
衢州市,开化县
绍兴市,越城区
宁波市,奉化市
台州市,温岭市
杭州市,江干区
湖州市,德清县
绍兴市,新昌县
舟山市,普陀区
台州市,温岭市
金华市,义乌市
杭州市,江干区
温州市,龙湾区
宁波市,奉化市
台州市,玉环市
绍兴市,柯桥区
杭州市,下城区
嘉兴市,海宁市
湖州市,德清县
台州市,天台县
杭州市,滨江区
温州市,鹿城区
宁波市,奉化市
嘉兴市,南湖区
绍兴市,柯桥区
嘉兴市,南湖区
杭州市,江干区
湖州市,吴兴区
温州市,瑞安市
温州市,乐清市
丽水市,庆元县
绍兴市,新昌县
湖州市,南浔区
台州市,椒江区
湖州市,吴兴区
湖州市,安吉县
杭州市,萧山区
杭州市,江干区
杭州市,上城区
丽水市,龙泉市
绍兴市,新昌县
台州市,临海市
舟山市,普陀区
丽水市,青田县
衢州市,江山市
湖州市,长兴县
湖州市,德清县
绍兴市,上虞区
台州市,仙居县
台州市,临海市
杭州市,滨江区
湖州市,安吉县
其他,其他地区
台州市,路桥区
丽水市,青田县
嘉兴市,南湖区
杭州市,余杭区
台州市,天台县
杭州市,江干区
丽水市,缙云县
湖州市,德清县
衢州市,龙游县
湖州市,吴兴区
杭州市,桐庐县
金华市,义乌市
金华市,永康市
衢州市,柯城区
嘉兴市,南湖区
绍兴市,越城区
杭州市,临安市
金华市,婺城区
温州市,鹿城区
丽水市,莲都区
湖州市,吴兴区
绍兴市,柯桥区
绍兴市,诸暨市
温州市,瑞安市
杭州市,余杭区
绍兴市,柯桥区
温州市,文成县
台州市,黄岩区
嘉兴市,海宁市
温州市,文成县
杭州市,江干区
杭州市,萧山区
绍兴市,越城区
温州市,瑞安市
台州市,三门县
绍兴市,上虞区
杭州市,余杭区
温州市,永嘉县
温州市,龙湾区
丽水市,莲都区
温州市,平阳县
丽水市,遂昌县
台州市,玉环市
杭州市,江干区
台州市,天台县
湖州市,长兴县
温州市,鹿城区
湖州市,德清县
湖州市,吴兴区
金华市,金东区
杭州市,余杭区
湖州市,吴兴区
温州市,龙湾区
台州市,温岭市
温州市,文成县
杭州市,江干区
台州市,椒江区
湖州市,安吉县
杭州市,江干区
金华市,永康市
绍兴市,新昌县
绍兴市,越城区
杭州市,余杭区
舟山市,普陀区
台州市,椒江区
温州市,瑞安市
杭州市,江干区
绍兴市,越城区
金华市,义乌市
温州市,龙湾区
衢州市,衢江区
湖州市,德清县
杭州市,上城区
金华市,永康市
衢州市,江山市
台州市,黄岩区
湖州市,安吉县
丽水市,庆元县
衢州市,常山县
台州市,临海市
绍兴市,诸暨市
温州市,平阳县
杭州市,余杭区
杭州市,江干区
金华市,婺城区
丽水市,莲都区
丽水市,龙泉市
绍兴市,柯桥区
湖州市,长兴县
丽水市,云和县
台州市,黄岩区
杭州市,西湖区
杭州市,西湖区
台州市,温岭市
嘉兴市,嘉善县
绍兴市,柯桥区
舟山市,定海区
温州市,鹿城区
金华市,兰溪市
台州市,玉环市
湖州市,吴兴区
杭州市,江干区
杭州市,江干区
宁波市,镇海区
温州市,瑞安市
杭州市,江干区
杭州市,江干区
嘉兴市,海宁市
丽水市,莲都区
台州市,临海市
丽水市,景宁县
丽水市,莲都区
丽水市,庆元县
绍兴市,上虞区
绍兴市,柯桥区
嘉兴市,桐乡市
湖州市,吴兴区
嘉兴市,海宁市
丽水市,莲都区
杭州市,下城区
绍兴市,诸暨市
温州市,瓯海区
台州市,玉环市
湖州市,南浔区
杭州市,萧山区
湖州市,德清县
温州市,鹿城区
杭州市,滨江区
温州市,瓯海区
绍兴市,诸暨市
丽水市,莲都区
衢州市,江山市
丽水市,庆元县
杭州市,桐庐县
杭州市,江干区
杭州市,江干区
台州市,黄岩区
嘉兴市,南湖区
杭州市,江干区
衢州市,江山市
丽水市,莲都区
杭州市,滨江区
绍兴市,上虞区
温州市,瑞安市
温州市,龙湾区
杭州市,江干区
宁波市,奉化市
台州市,天台县
杭州市,余杭区
杭州市,滨江区
杭州市,江干区
嘉兴市,平湖市
台州市,温岭市
湖州市,吴兴区
杭州市,富阳市
温州市,瓯海区
杭州市,余杭区
丽水市,遂昌县
湖州市,南浔区
绍兴市,上虞区
绍兴市,上虞区
湖州市,安吉县
金华市,金东区
湖州市,德清县
台州市,临海市
绍兴市,诸暨市
湖州市,吴兴区
温州市,泰顺县
台州市,黄岩区
台州市,路桥区
杭州市,余杭区
温州市,鹿城区
绍兴市,柯桥区
衢州市,江山市
杭州市,余杭区
舟山市,普陀区
杭州市,江干区
丽水市,莲都区
台州市,温岭市
嘉兴市,秀洲区
杭州市,江干区
丽水市,景宁县
杭州市,西湖区
温州市,瑞安市
丽水市,莲都区
绍兴市,诸暨市
湖州市,吴兴区
丽水市,缙云县
绍兴市,诸暨市
杭州市,西湖区
宁波市,鄞州区
杭州市,江干区
衢州市,龙游县
舟山市,定海区
丽水市,庆元县
杭州市,西湖区
绍兴市,柯桥区
台州市,黄岩区
温州市,苍南县
杭州市,江干区
杭州市,拱墅区
杭州市,江干区
台州市,椒江区
湖州市,安吉县
湖州市,长兴县
台州市,温岭市
杭州市,江干区
湖州市,南浔区
绍兴市,越城区
杭州市,江干区
杭州市,江干区
温州市,平阳县
丽水市,云和县
台州市,温岭市
绍兴市,新昌县
台州市,黄岩区
杭州市,滨江区
台州市,温岭市
杭州市,滨江区
绍兴市,上虞区
温州市,鹿城区
台州市,路桥区
舟山市,定海区
嘉兴市,海宁市
丽水市,庆元县
温州市,鹿城区
温州市,龙湾区
杭州市,余杭区
杭州市,江干区
温州市,苍南县
绍兴市,新昌县
绍兴市,柯桥区
湖州市,德清县
金华市,婺城区
绍兴市,新昌县
绍兴市,上虞区
台州市,温岭市
温州市,泰顺县
湖州市,吴兴区
丽水市,庆元县
杭州市,江干区
舟山市,定海区
绍兴市,嵊州市
台州市,仙居县
绍兴市,新昌县
杭州市,江干区
金华市,婺城区
杭州市,西湖区
金华市,浦江县
台州市,临海市
杭州市,余杭区
金华市,永康市
杭州市,余杭区
杭州市,滨江区
舟山市,定海区
杭州市,江干区
丽水市,莲都区
绍兴市,越城区
嘉兴市,海宁市
温州市,龙湾区
嘉兴市,桐乡市
湖州市,安吉县
温州市,永嘉县
杭州市,滨江区
杭州市,余杭区
温州市,平阳县
台州市,椒江区
宁波市,江北区
杭州市,江干区
湖州市,德清县
绍兴市,柯桥区
绍兴市,上虞区
嘉兴市,嘉善县
舟山市,普陀区
嘉兴市,南湖区
杭州市,余杭区
温州市,瑞安市
绍兴市,越城区
丽水市,青田县
杭州市,江干区
金华市,永康市
嘉兴市,秀洲区
衢州市,江山市
湖州市,南浔区
金华市,东阳市
台州市,天台县
台州市,黄岩区
湖州市,德清县
温州市,龙湾区
杭州市,江干区
湖州市,长兴县
宁波市,慈溪市
温州市,苍南县
湖州市,南浔区
衢州市,衢江区
湖州市,德清县
绍兴市,嵊州市
绍兴市,诸暨市
嘉兴市,平湖市
杭州市,桐庐县
衢州市,衢江区
杭州市,余杭区
温州市,瑞安市
杭州市,拱墅区
湖州市,长兴县
绍兴市,上虞区
杭州市,江干区
台州市,温岭市
丽水市,莲都区
杭州市,江干区
温州市,鹿城区
杭州市,江干区
宁波市,北仑区
宁波市,奉化市
湖州市,吴兴区
台州市,玉环市
杭州市,西湖区
绍兴市,诸暨市
湖州市,德清县
杭州市,上城区
杭州市,西湖区
杭州市,滨江区
温州市,龙湾区
台州市,临海市
绍兴市,诸暨市
绍兴市,柯桥区
杭州市,富阳市
杭州市,拱墅区
台州市,仙居县
杭州市,拱墅区
杭州市,余杭区
丽水市,缙云县
杭州市,余杭区
杭州市,临安市
杭州市,西湖区
温州市,龙湾区
温州市,鹿城区
宁波市,江东区
湖州市,南浔区
台州市,玉环市
绍兴市,柯桥区
温州市,瓯海区
杭州市,江干区
衢州市,江山市
绍兴市,诸暨市
台州市,路桥区
台州市,玉环市
杭州市,滨江区
丽水市,莲都区
杭州市,江干区
丽水市,景宁县
宁波市,奉化市
宁波市,镇海区
台州市,黄岩区
绍兴市,柯桥区
湖州市,吴兴区
绍兴市,越城区
丽水市,莲都区
杭州市,萧山区
杭州市,江干区
金华市,永康市
台州市,临海市
宁波市,宁海县
其他,其他地区
绍兴市,上虞区
湖州市,长兴县
绍兴市,诸暨市
温州市,瑞安市
杭州市,临安市
湖州市,安吉县
杭州市,江干区
温州市,瓯海区
衢州市,常山县
杭州市,江干区
杭州市,富阳市
丽水市,云和县
杭州市,西湖区
丽水市,云和县
湖州市,吴兴区
嘉兴市,海宁市
丽水市,莲都区
绍兴市,新昌县
杭州市,下城区
湖州市,长兴县
杭州市,萧山区
温州市,瑞安市
台州市,路桥区
湖州市,德清县
台州市,玉环市
温州市,瑞安市
湖州市,德清县
杭州市,江干区
温州市,苍南县
台州市,温岭市
杭州市,上城区
温州市,文成县
金华市,金东区
嘉兴市,南湖区
杭州市,西湖区
温州市,鹿城区
金华市,兰溪市
温州市,瑞安市
杭州市,江干区
温州市,乐清市
台州市,路桥区
杭州市,萧山区
舟山市,普陀区
杭州市,上城区
绍兴市,柯桥区
湖州市,安吉县
绍兴市,柯桥区
杭州市,江干区
杭州市,余杭区
衢州市,柯城区
宁波市,镇海区
其他,其他地区
金华市,义乌市
绍兴市,越城区
温州市,龙湾区
台州市,路桥区
湖州市,安吉县
丽水市,青田县
杭州市,拱墅区
杭州市,萧山区
温州市,瑞安市
杭州市,江干区
嘉兴市,南湖区
湖州市,吴兴区
衢州市,常山县
丽水市,松阳县
丽水市,云和县
绍兴市,诸暨市
丽水市,莲都区
嘉兴市,桐乡市
杭州市,余杭区
衢州市,江山市
丽水市,青田县
温州市,龙湾区
湖州市,长兴县
杭州市,富阳市
湖州市,南浔区
舟山市,定海区
温州市,鹿城区
湖州市,吴兴区
金华市,婺城区
湖州市,长兴县
温州市,瑞安市
杭州市,江干区
温州市,瑞安市
杭州市,余杭区
温州市,龙湾区
台州市,临海市
杭州市,西湖区
杭州市,萧山区
嘉兴市,南湖区
丽水市,遂昌县
舟山市,定海区
杭州市,江干区
温州市,瑞安市
杭州市,余杭区
杭州市,余杭区
湖州市,长兴县
湖州市,长兴县
湖州市,长兴县
湖州市,长兴县
湖州市,长兴县
杭州市,余杭区
绍兴市,诸暨市
丽水市,青田县
绍兴市,新昌县
丽水市,云和县
杭州市,江干区
杭州市,江干区
金华市,兰溪市
绍兴市,柯桥区
丽水市,青田县
温州市,龙湾区
杭州市,桐庐县
杭州市,余杭区
杭州市,江干区
宁波市,镇海区
台州市,临海市
湖州市,德清县
台州市,三门县
绍兴市,嵊州市
台州市,玉环市
绍兴市,新昌县
绍兴市,诸暨市
台州市,黄岩区
嘉兴市,嘉善县
绍兴市,上虞区
杭州市,余杭区
杭州市,余杭区
绍兴市,诸暨市
杭州市,余杭区
杭州市,余杭区
金华市,东阳市
金华市,东阳市
金华市,东阳市
杭州市,余杭区
金华市,东阳市
湖州市,长兴县
湖州市,长兴县
湖州市,长兴县
湖州市,长兴县
台州市,椒江区
杭州市,江干区
丽水市,莲都区
金华市,义乌市
湖州市,长兴县
衢州市,开化县
温州市,瑞安市
金华市,婺城区
温州市,鹿城区
杭州市,萧山区
绍兴市,上虞区
舟山市,定海区
杭州市,桐庐县
金华市,义乌市
杭州市,江干区
金华市,东阳市
杭州市,江干区
杭州市,江干区
温州市,鹿城区
杭州市,滨江区
温州市,文成县
温州市,平阳县
湖州市,吴兴区
湖州市,安吉县
台州市,椒江区
杭州市,江干区
温州市,鹿城区
丽水市,松阳县
嘉兴市,南湖区
杭州市,临安市
嘉兴市,海宁市
杭州市,滨江区
丽水市,遂昌县
绍兴市,嵊州市
丽水市,缙云县
温州市,龙湾区
温州市,苍南县
台州市,临海市
台州市,温岭市
衢州市,柯城区
杭州市,江干区
金华市,永康市
杭州市,余杭区
绍兴市,越城区
湖州市,南浔区
丽水市,莲都区
杭州市,滨江区
舟山市,定海区
温州市,文成县
温州市,永嘉县
湖州市,南浔区
绍兴市,诸暨市
绍兴市,柯桥区
台州市,温岭市
温州市,瓯海区
绍兴市,诸暨市
金华市,婺城区
衢州市,江山市
衢州市,柯城区
湖州市,南浔区
温州市,鹿城区
湖州市,南浔区
丽水市,龙泉市
杭州市,江干区
温州市,龙湾区
温州市,鹿城区
台州市,椒江区
杭州市,江干区
丽水市,庆元县
绍兴市,嵊州市
湖州市,德清县
舟山市,定海区
舟山市,定海区
湖州市,德清县
杭州市,江干区
杭州市,江干区
杭州市,上城区
温州市,鹿城区
嘉兴市,桐乡市
湖州市,长兴县
湖州市,安吉县
嘉兴市,桐乡市
台州市,临海市
杭州市,江干区
绍兴市,越城区
绍兴市,新昌县
湖州市,吴兴区
嘉兴市,海宁市
台州市,临海市
温州市,乐清市
金华市,义乌市
温州市,瑞安市
湖州市,吴兴区
温州市,龙湾区
湖州市,安吉县
湖州市,吴兴区
杭州市,江干区
绍兴市,越城区
杭州市,余杭区
金华市,义乌市
宁波市,鄞州区
湖州市,德清县
湖州市,吴兴区
杭州市,桐庐县
杭州市,江干区
台州市,椒江区
温州市,鹿城区
温州市,泰顺县
湖州市,德清县
台州市,路桥区
宁波市,鄞州区
嘉兴市,海盐县
温州市,龙湾区
杭州市,江干区
台州市,黄岩区
衢州市,衢江区
金华市,东阳市
绍兴市,新昌县
湖州市,德清县
嘉兴市,南湖区
温州市,瑞安市
丽水市,缙云县
湖州市,德清县
杭州市,江干区
杭州市,下城区
绍兴市,越城区
台州市,天台县
台州市,天台县
湖州市,安吉县
温州市,瑞安市
杭州市,萧山区
温州市,龙湾区
杭州市,滨江区
杭州市,江干区
杭州市,江干区
宁波市,北仑区
衢州市,常山县
衢州市,常山县
杭州市,西湖区
衢州市,开化县
温州市,龙湾区
温州市,苍南县
湖州市,吴兴区
湖州市,吴兴区
温州市,乐清市
杭州市,余杭区
舟山市,普陀区
杭州市,萧山区
衢州市,柯城区
丽水市,庆元县
台州市,路桥区
衢州市,衢江区
台州市,仙居县
杭州市,江干区
杭州市,江干区
杭州市,富阳市
杭州市,滨江区
绍兴市,诸暨市
杭州市,余杭区
杭州市,西湖区
丽水市,莲都区
宁波市,镇海区
杭州市,下城区
湖州市,安吉县
台州市,玉环市
杭州市,江干区
杭州市,余杭区
湖州市,德清县
杭州市,西湖区
金华市,永康市
杭州市,西湖区
温州市,瑞安市
温州市,瑞安市
衢州市,常山县
绍兴市,上虞区
湖州市,长兴县
湖州市,南浔区
嘉兴市,平湖市
绍兴市,嵊州市
舟山市,定海区
杭州市,西湖区
温州市,龙湾区
湖州市,南浔区
衢州市,开化县
杭州市,萧山区
台州市,天台县
温州市,鹿城区
舟山市,普陀区
温州市,瑞安市
杭州市,拱墅区
绍兴市,上虞区
杭州市,江干区
湖州市,长兴县
温州市,龙湾区
杭州市,拱墅区
宁波市,鄞州区
宁波市,余姚市
温州市,鹿城区
绍兴市,嵊州市
杭州市,余杭区
杭州市,余杭区
杭州市,余杭区
杭州市,余杭区
杭州市,余杭区
绍兴市,诸暨市
绍兴市,诸暨市
绍兴市,诸暨市
温州市,苍南县
台州市,温岭市
杭州市,江干区
杭州市,桐庐县
绍兴市,越城区
宁波市,奉化市
湖州市,安吉县
台州市,椒江区
绍兴市,诸暨市
绍兴市,越城区
绍兴市,上虞区
衢州市,江山市
杭州市,西湖区
台州市,临海市
湖州市,吴兴区
杭州市,桐庐县
杭州市,余杭区
湖州市,德清县
湖州市,长兴县
湖州市,长兴县
杭州市,建德市
湖州市,长兴县
湖州市,长兴县
湖州市,长兴县
湖州市,长兴县
湖州市,长兴县
湖州市,长兴县
嘉兴市,桐乡市
绍兴市,诸暨市
湖州市,吴兴区
杭州市,西湖区
温州市,瓯海区
衢州市,江山市
台州市,黄岩区
温州市,乐清市
杭州市,下城区
温州市,鹿城区
杭州市,江干区
杭州市,桐庐县
杭州市,西湖区
金华市,东阳市
湖州市,长兴县
台州市,仙居县
杭州市,江干区
湖州市,安吉县
温州市,鹿城区
台州市,椒江区
温州市,瑞安市
杭州市,余杭区
丽水市,莲都区
宁波市,鄞州区
杭州市,下城区
杭州市,江干区
湖州市,吴兴区
嘉兴市,海宁市
温州市,瑞安市
湖州市,德清县
杭州市,上城区
宁波市,余姚市
金华市,永康市
杭州市,江干区
台州市,温岭市
温州市,乐清市
衢州市,江山市
湖州市,长兴县
温州市,鹿城区
杭州市,江干区
宁波市,镇海区
温州市,龙湾区
湖州市,安吉县
绍兴市,嵊州市
绍兴市,柯桥区
湖州市,南浔区
杭州市,江干区
舟山市,定海区
丽水市,遂昌县
温州市,龙湾区
杭州市,西湖区
衢州市,常山县
台州市,椒江区
杭州市,江干区
宁波市,宁海县
绍兴市,新昌县
台州市,黄岩区
丽水市,景宁县
杭州市,江干区
杭州市,富阳市
温州市,鹿城区
台州市,温岭市
台州市,临海市
杭州市,拱墅区
嘉兴市,桐乡市
衢州市,江山市
温州市,瓯海区
湖州市,吴兴区
杭州市,江干区
台州市,椒江区
温州市,鹿城区
杭州市,江干区
舟山市,定海区
湖州市,长兴县
台州市,黄岩区
台州市,温岭市
温州市,鹿城区
杭州市,江干区
台州市,温岭市
绍兴市,诸暨市
杭州市,余杭区
湖州市,德清县
宁波市,奉化市
宁波市,鄞州区
台州市,仙居县
金华市,永康市
杭州市,西湖区
杭州市,江干区
温州市,乐清市
温州市,龙湾区
杭州市,江干区
丽水市,青田县
湖州市,德清县
金华市,义乌市
温州市,乐清市
杭州市,滨江区
杭州市,萧山区
台州市,仙居县
杭州市,建德市
湖州市,吴兴区
杭州市,江干区
丽水市,庆元县
舟山市,定海区
台州市,临海市
台州市,仙居县
丽水市,遂昌县
湖州市,安吉县
温州市,龙湾区
绍兴市,柯桥区
舟山市,普陀区
绍兴市,越城区
台州市,临海市
湖州市,吴兴区
台州市,三门县
金华市,金东区
温州市,瓯海区
衢州市,柯城区
杭州市,余杭区
嘉兴市,秀洲区
台州市,温岭市
台州市,临海市
绍兴市,诸暨市
杭州市,江干区
台州市,玉环市
湖州市,吴兴区
杭州市,江干区
湖州市,吴兴区
湖州市,南浔区
衢州市,开化县
湖州市,南浔区
丽水市,青田县
绍兴市,上虞区
衢州市,江山市
温州市,鹿城区
绍兴市,诸暨市
杭州市,下城区
杭州市,江干区
舟山市,定海区
杭州市,西湖区
温州市,龙湾区
嘉兴市,海宁市
台州市,三门县
绍兴市,越城区
金华市,永康市
台州市,路桥区
湖州市,德清县
丽水市,景宁县
衢州市,衢江区
杭州市,江干区
杭州市,余杭区
杭州市,桐庐县
杭州市,江干区
杭州市,富阳市
绍兴市,越城区
舟山市,定海区
湖州市,吴兴区
衢州市,江山市
杭州市,余杭区
绍兴市,诸暨市
金华市,义乌市
嘉兴市,海宁市
湖州市,吴兴区
温州市,龙湾区
衢州市,江山市
温州市,龙湾区
嘉兴市,海宁市
湖州市,德清县
丽水市,云和县
温州市,龙湾区
绍兴市,诸暨市
衢州市,柯城区
温州市,乐清市
绍兴市,上虞区
绍兴市,柯桥区
温州市,龙湾区
衢州市,柯城区
绍兴市,越城区
杭州市,滨江区
绍兴市,诸暨市
杭州市,临安市
绍兴市,诸暨市
绍兴市,诸暨市
绍兴市,诸暨市
绍兴市,诸暨市
杭州市,桐庐县
台州市,仙居县
杭州市,滨江区
衢州市,柯城区
温州市,瓯海区
杭州市,江干区
湖州市,吴兴区
台州市,玉环市
杭州市,余杭区
台州市,黄岩区
金华市,东阳市
杭州市,江干区
湖州市,吴兴区
杭州市,萧山区
温州市,龙湾区
嘉兴市,南湖区
温州市,瓯海区
舟山市,普陀区
杭州市,萧山区
湖州市,吴兴区
杭州市,江干区
湖州市,长兴县
温州市,洞头县
台州市,临海市
丽水市,缙云县
杭州市,拱墅区
杭州市,西湖区
温州市,永嘉县
丽水市,龙泉市
温州市,平阳县
湖州市,南浔区
丽水市,云和县
温州市,瓯海区
湖州市,长兴县
湖州市,安吉县
温州市,龙湾区
衢州市,龙游县
杭州市,西湖区
湖州市,南浔区
绍兴市,柯桥区
绍兴市,新昌县
衢州市,江山市
丽水市,莲都区
温州市,瑞安市
杭州市,江干区
台州市,黄岩区
绍兴市,诸暨市
杭州市,江干区
杭州市,江干区
温州市,洞头县
丽水市,缙云县
丽水市,缙云县
杭州市,拱墅区
杭州市,江干区
绍兴市,诸暨市
绍兴市,上虞区
湖州市,吴兴区
杭州市,江干区
丽水市,莲都区
台州市,椒江区
丽水市,莲都区
台州市,椒江区
杭州市,余杭区
杭州市,江干区
台州市,仙居县
温州市,乐清市
杭州市,江干区
湖州市,南浔区
宁波市,慈溪市
杭州市,建德市
杭州市,余杭区
绍兴市,柯桥区
杭州市,余杭区
台州市,临海市
嘉兴市,海宁市
杭州市,余杭区
湖州市,安吉县
温州市,鹿城区
绍兴市,嵊州市
台州市,椒江区
丽水市,庆元县
衢州市,衢江区
温州市,永嘉县
杭州市,江干区
台州市,仙居县
杭州市,江干区
宁波市,北仑区
金华市,义乌市
温州市,乐清市
温州市,乐清市
台州市,温岭市
温州市,苍南县
绍兴市,上虞区
杭州市,拱墅区
绍兴市,嵊州市
杭州市,滨江区
台州市,临海市
台州市,三门县
温州市,龙湾区
丽水市,莲都区
湖州市,安吉县
绍兴市,新昌县
丽水市,缙云县
台州市,温岭市
绍兴市,上虞区
杭州市,余杭区
杭州市,富阳市
温州市,龙湾区
金华市,义乌市
衢州市,龙游县
金华市,永康市
金华市,义乌市
嘉兴市,海宁市
绍兴市,嵊州市
温州市,瓯海区
台州市,温岭市
丽水市,龙泉市
温州市,龙湾区
湖州市,德清县
杭州市,江干区
丽水市,青田县
温州市,鹿城区
温州市,乐清市
杭州市,萧山区
台州市,玉环市
衢州市,常山县
绍兴市,嵊州市
温州市,瑞安市
绍兴市,上虞区
金华市,婺城区
杭州市,江干区
杭州市,余杭区
杭州市,余杭区
杭州市,余杭区
杭州市,余杭区
杭州市,余杭区
杭州市,余杭区
杭州市,余杭区
杭州市,江干区
宁波市,江东区
绍兴市,上虞区
杭州市,余杭区
绍兴市,上虞区
丽水市,庆元县
绍兴市,柯桥区
绍兴市,越城区
湖州市,吴兴区
丽水市,缙云县
金华市,婺城区
宁波市,鄞州区
绍兴市,诸暨市
绍兴市,诸暨市
舟山市,普陀区
杭州市,余杭区
衢州市,柯城区
湖州市,南浔区
温州市,瑞安市
杭州市,滨江区
绍兴市,诸暨市
绍兴市,嵊州市
湖州市,安吉县
绍兴市,越城区
金华市,义乌市
温州市,苍南县
丽水市,莲都区
宁波市,镇海区
杭州市,拱墅区
丽水市,青田县
台州市,黄岩区
湖州市,安吉县
舟山市,定海区
台州市,黄岩区
杭州市,江干区
杭州市,余杭区
台州市,椒江区
湖州市,南浔区
湖州市,长兴县
杭州市,余杭区
丽水市,松阳县
温州市,龙湾区
台州市,黄岩区
杭州市,余杭区
温州市,瑞安市
杭州市,江干区
温州市,瑞安市
金华市,东阳市
湖州市,南浔区
台州市,天台县
杭州市,西湖区
湖州市,吴兴区
温州市,龙湾区
湖州市,安吉县
台州市,仙居县
杭州市,萧山区
丽水市,遂昌县
台州市,温岭市
舟山市,普陀区
湖州市,德清县
湖州市,南浔区
杭州市,西湖区
杭州市,余杭区
杭州市,滨江区
绍兴市,嵊州市
杭州市,下城区
舟山市,定海区
台州市,路桥区
湖州市,长兴县
台州市,玉环市
湖州市,德清县
杭州市,富阳市
杭州市,江干区
温州市,平阳县
宁波市,北仑区
湖州市,吴兴区
台州市,温岭市
绍兴市,柯桥区
绍兴市,诸暨市
台州市,温岭市
台州市,玉环市
杭州市,拱墅区
绍兴市,新昌县
湖州市,吴兴区
杭州市,临安市
衢州市,衢江区
杭州市,西湖区
衢州市,开化县
温州市,龙湾区
宁波市,镇海区
宁波市,鄞州区
湖州市,安吉县
绍兴市,越城区
杭州市,西湖区
宁波市,江北区
丽水市,缙云县
杭州市,江干区
湖州市,德清县
温州市,瓯海区
杭州市,萧山区
台州市,临海市
温州市,鹿城区
温州市,苍南县
舟山市,定海区
湖州市,长兴县
绍兴市,上虞区
湖州市,吴兴区
杭州市,江干区
湖州市,长兴县
丽水市,遂昌县
杭州市,西湖区
丽水市,莲都区
温州市,鹿城区
杭州市,江干区
金华市,兰溪市
台州市,三门县
丽水市,缙云县
台州市,椒江区
台州市,玉环市
温州市,苍南县
湖州市,吴兴区
衢州市,龙游县
湖州市,德清县
衢州市,衢江区
绍兴市,诸暨市
宁波市,奉化市
金华市,东阳市
台州市,临海市
温州市,瑞安市
杭州市,江干区
舟山市,定海区
台州市,仙居县
宁波市,奉化市
宁波市,鄞州区
台州市,温岭市
台州市,仙居县
台州市,临海市
温州市,龙湾区
湖州市,吴兴区
杭州市,临安市
湖州市,德清县
温州市,龙湾区
温州市,龙湾区
杭州市,下城区
金华市,东阳市
杭州市,江干区
丽水市,莲都区
宁波市,鄞州区
杭州市,余杭区
金华市,义乌市
丽水市,缙云县
温州市,龙湾区
丽水市,莲都区
舟山市,定海区
台州市,临海市
嘉兴市,平湖市
衢州市,柯城区
杭州市,萧山区
绍兴市,上虞区
杭州市,余杭区
嘉兴市,桐乡市
杭州市,萧山区
丽水市,青田县
杭州市,桐庐县
杭州市,余杭区
台州市,温岭市
台州市,玉环市
绍兴市,柯桥区
杭州市,滨江区
绍兴市,上虞区
金华市,义乌市
湖州市,吴兴区
丽水市,龙泉市
杭州市,江干区
温州市,瓯海区
温州市,龙湾区
温州市,乐清市
嘉兴市,南湖区
嘉兴市,秀洲区
湖州市,长兴县
杭州市,滨江区
温州市,龙湾区
金华市,婺城区
金华市,兰溪市
杭州市,江干区
丽水市,缙云县
绍兴市,新昌县
温州市,永嘉县
绍兴市,越城区
温州市,瑞安市
湖州市,长兴县
杭州市,江干区
丽水市,莲都区
杭州市,余杭区
杭州市,余杭区
杭州市,余杭区
杭州市,余杭区
杭州市,余杭区
杭州市,余杭区
杭州市,江干区
杭州市,余杭区
衢州市,常山县
绍兴市,越城区
杭州市,余杭区
绍兴市,越城区
丽水市,庆元县
杭州市,江干区
台州市,黄岩区
杭州市,江干区
嘉兴市,桐乡市
嘉兴市,秀洲区
绍兴市,柯桥区
衢州市,龙游县
绍兴市,柯桥区
宁波市,鄞州区
杭州市,余杭区
湖州市,德清县
绍兴市,越城区
温州市,鹿城区
温州市,瑞安市
杭州市,下城区
丽水市,青田县
杭州市,江干区
金华市,婺城区
温州市,鹿城区
温州市,龙湾区
湖州市,德清县
杭州市,余杭区
杭州市,江干区
台州市,三门县
温州市,乐清市
宁波市,奉化市
绍兴市,越城区
温州市,乐清市
杭州市,临安市
杭州市,上城区
杭州市,江干区
湖州市,德清县
温州市,瑞安市
台州市,椒江区
杭州市,富阳市
台州市,黄岩区
温州市,鹿城区
台州市,临海市
丽水市,莲都区
杭州市,江干区
温州市,鹿城区
杭州市,余杭区
杭州市,余杭区
温州市,文成县
衢州市,常山县
绍兴市,诸暨市
杭州市,江干区
杭州市,江干区
温州市,乐清市
杭州市,江干区
舟山市,定海区
丽水市,莲都区
杭州市,拱墅区
台州市,温岭市
湖州市,吴兴区
温州市,鹿城区
杭州市,上城区
温州市,瑞安市
湖州市,长兴县
温州市,永嘉县
丽水市,莲都区
台州市,三门县
丽水市,莲都区
舟山市,定海区
绍兴市,诸暨市
嘉兴市,南湖区
丽水市,青田县
温州市,瓯海区
湖州市,长兴县
湖州市,长兴县
杭州市,西湖区
丽水市,莲都区
绍兴市,嵊州市
杭州市,西湖区
台州市,天台县
杭州市,萧山区
温州市,瑞安市
绍兴市,越城区
杭州市,余杭区
温州市,鹿城区
湖州市,吴兴区
嘉兴市,海宁市
杭州市,江干区
台州市,温岭市
湖州市,长兴县
舟山市,定海区
宁波市,宁海县
金华市,永康市
湖州市,吴兴区
丽水市,松阳县
湖州市,南浔区
杭州市,下城区
杭州市,萧山区
杭州市,富阳市
温州市,鹿城区
杭州市,西湖区
温州市,龙湾区
湖州市,长兴县
湖州市,长兴县
湖州市,长兴县
湖州市,南浔区
台州市,三门县
湖州市,德清县
台州市,温岭市
温州市,瑞安市
杭州市,富阳市
杭州市,萧山区
温州市,龙湾区
宁波市,鄞州区
湖州市,德清县
温州市,瑞安市
湖州市,长兴县
湖州市,长兴县
湖州市,长兴县
湖州市,长兴县
湖州市,长兴县
湖州市,长兴县
湖州市,长兴县
湖州市,长兴县
杭州市,江干区
绍兴市,柯桥区
台州市,温岭市
杭州市,余杭区
湖州市,吴兴区
杭州市,江干区
衢州市,柯城区
金华市,东阳市
丽水市,莲都区
湖州市,安吉县
湖州市,安吉县
杭州市,江干区
温州市,文成县
杭州市,富阳市
杭州市,滨江区
绍兴市,新昌县
湖州市,德清县
温州市,瓯海区
丽水市,莲都区
舟山市,普陀区
湖州市,吴兴区
金华市,永康市
杭州市,桐庐县
宁波市,余姚市
绍兴市,越城区
杭州市,下城区
丽水市,缙云县
杭州市,江干区
湖州市,安吉县
杭州市,临安市
湖州市,安吉县
绍兴市,新昌县
杭州市,江干区
衢州市,江山市
温州市,龙湾区
温州市,瓯海区
湖州市,南浔区
绍兴市,柯桥区
湖州市,德清县
台州市,温岭市
台州市,椒江区
嘉兴市,桐乡市
湖州市,长兴县
温州市,鹿城区
杭州市,江干区
杭州市,下城区
宁波市,北仑区
台州市,三门县
台州市,椒江区
杭州市,江干区
杭州市,拱墅区
舟山市,定海区
绍兴市,嵊州市
温州市,乐清市
温州市,乐清市
金华市,兰溪市
宁波市,奉化市
杭州市,拱墅区
台州市,临海市
台州市,椒江区
嘉兴市,海宁市
丽水市,庆元县
衢州市,常山县
杭州市,桐庐县
杭州市,江干区
金华市,永康市
丽水市,莲都区
湖州市,安吉县
温州市,乐清市
宁波市,镇海区
杭州市,余杭区
杭州市,江干区
杭州市,下城区
台州市,天台县
嘉兴市,海盐县
杭州市,滨江区
湖州市,吴兴区
衢州市,衢江区
杭州市,余杭区
台州市,温岭市
台州市,临海市
绍兴市,诸暨市
温州市,永嘉县
杭州市,江干区
湖州市,安吉县
台州市,临海市
湖州市,南浔区
衢州市,衢江区
丽水市,龙泉市
杭州市,西湖区
杭州市,余杭区
杭州市,江干区
温州市,平阳县
杭州市,江干区
杭州市,江干区
台州市,温岭市
杭州市,西湖区
杭州市,江干区
台州市,天台县
温州市,龙湾区
湖州市,长兴县
舟山市,岱山县
杭州市,余杭区
温州市,瑞安市
丽水市,庆元县
嘉兴市,海宁市
杭州市,江干区
台州市,三门县
杭州市,萧山区
温州市,瓯海区
丽水市,青田县
绍兴市,上虞区
舟山市,普陀区
杭州市,拱墅区
杭州市,江干区
温州市,鹿城区
台州市,黄岩区
杭州市,拱墅区
湖州市,南浔区
宁波市,奉化市
绍兴市,嵊州市
衢州市,江山市
台州市,天台县
杭州市,滨江区
嘉兴市,海宁市
嘉兴市,南湖区
宁波市,鄞州区
温州市,瓯海区
湖州市,长兴县
衢州市,常山县
衢州市,衢江区
丽水市,青田县
嘉兴市,海宁市
绍兴市,越城区
台州市,温岭市
嘉兴市,海宁市
台州市,温岭市
杭州市,余杭区
杭州市,拱墅区
温州市,乐清市
湖州市,长兴县
温州市,瑞安市
金华市,东阳市
嘉兴市,海盐县
舟山市,定海区
宁波市,鄞州区
杭州市,拱墅区
台州市,温岭市
台州市,玉环市
台州市,路桥区
宁波市,北仑区
金华市,婺城区
温州市,苍南县
嘉兴市,海宁市
湖州市,安吉县
丽水市,松阳县
杭州市,余杭区
杭州市,余杭区
杭州市,余杭区
嘉兴市,海宁市
绍兴市,上虞区
湖州市,德清县
杭州市,萧山区
温州市,平阳县
杭州市,江干区
杭州市,滨江区
杭州市,上城区
湖州市,德清县
杭州市,西湖区
绍兴市,嵊州市
丽水市,莲都区
绍兴市,新昌县
绍兴市,柯桥区
绍兴市,越城区
绍兴市,嵊州市
绍兴市,诸暨市
杭州市,江干区
杭州市,江干区
杭州市,余杭区
绍兴市,柯桥区
湖州市,安吉县
丽水市,缙云县
温州市,鹿城区
杭州市,桐庐县
杭州市,江干区
温州市,瓯海区
绍兴市,嵊州市
宁波市,奉化市
湖州市,德清县
湖州市,长兴县
湖州市,长兴县
湖州市,长兴县
湖州市,长兴县
湖州市,长兴县
湖州市,长兴县
温州市,永嘉县
杭州市,余杭区
杭州市,西湖区
杭州市,余杭区
杭州市,余杭区
杭州市,余杭区
杭州市,余杭区
湖州市,德清县
绍兴市,诸暨市
湖州市,长兴县
杭州市,西湖区
杭州市,余杭区
台州市,仙居县
温州市,苍南县
宁波市,江东区
温州市,瑞安市
杭州市,西湖区
舟山市,定海区
衢州市,江山市
温州市,鹿城区
衢州市,江山市
台州市,路桥区
杭州市,余杭区
湖州市,吴兴区
杭州市,江干区
温州市,瓯海区
宁波市,江东区
湖州市,长兴县
湖州市,南浔区
杭州市,余杭区
嘉兴市,平湖市
杭州市,萧山区
嘉兴市,秀洲区
台州市,天台县
台州市,温岭市
嘉兴市,南湖区
台州市,天台县
丽水市,庆元县
台州市,温岭市
温州市,龙湾区
温州市,瑞安市
温州市,龙湾区
杭州市,西湖区
嘉兴市,南湖区
湖州市,德清县
台州市,温岭市
杭州市,拱墅区
杭州市,江干区
温州市,平阳县
丽水市,青田县
金华市,婺城区
台州市,临海市
杭州市,江干区
温州市,龙湾区
温州市,瓯海区
金华市,婺城区
湖州市,德清县
温州市,瓯海区
金华市,婺城区
衢州市,常山县
台州市,黄岩区
杭州市,下城区
杭州市,建德市
衢州市,龙游县
杭州市,西湖区
温州市,鹿城区
嘉兴市,秀洲区
湖州市,吴兴区
绍兴市,柯桥区
衢州市,常山县
湖州市,吴兴区
丽水市,庆元县
衢州市,江山市
绍兴市,柯桥区
台州市,天台县
金华市,东阳市
台州市,温岭市
温州市,鹿城区
温州市,苍南县
杭州市,江干区
绍兴市,嵊州市
湖州市,德清县
衢州市,江山市
温州市,龙湾区
杭州市,江干区
杭州市,上城区
丽水市,缙云县
温州市,龙湾区
温州市,瓯海区
其他,其他地区
衢州市,常山县
杭州市,西湖区
嘉兴市,南湖区
宁波市,江北区
杭州市,余杭区
台州市,温岭市
台州市,路桥区
丽水市,青田县
温州市,鹿城区
杭州市,江干区
温州市,永嘉县
杭州市,余杭区
杭州市,西湖区
湖州市,南浔区
湖州市,南浔区
杭州市,余杭区
宁波市,奉化市
湖州市,安吉县
湖州市,吴兴区
衢州市,江山市
嘉兴市,南湖区
杭州市,萧山区
其他,其他地区
温州市,瑞安市
杭州市,江干区
湖州市,长兴县
衢州市,常山县
绍兴市,新昌县
舟山市,定海区
台州市,三门县
台州市,温岭市
湖州市,长兴县
衢州市,开化县
杭州市,江干区
丽水市,莲都区
湖州市,德清县
嘉兴市,南湖区
温州市,瓯海区
金华市,东阳市
绍兴市,上虞区
温州市,龙湾区
湖州市,长兴县
丽水市,莲都区
绍兴市,越城区
温州市,鹿城区
台州市,临海市
绍兴市,上虞区
台州市,玉环市
杭州市,余杭区
杭州市,江干区
杭州市,江干区
金华市,婺城区
温州市,鹿城区
温州市,鹿城区
杭州市,余杭区
台州市,椒江区
杭州市,滨江区
湖州市,长兴县
绍兴市,诸暨市
绍兴市,诸暨市
温州市,瓯海区
温州市,永嘉县
杭州市,临安市
温州市,龙湾区
温州市,鹿城区
温州市,瑞安市
嘉兴市,平湖市
杭州市,江干区
湖州市,南浔区
金华市,金东区
衢州市,柯城区
台州市,温岭市
湖州市,长兴县
湖州市,长兴县
丽水市,青田县
温州市,瑞安市
绍兴市,诸暨市
台州市,温岭市
绍兴市,诸暨市
杭州市,余杭区
台州市,玉环市
绍兴市,诸暨市
衢州市,常山县
杭州市,萧山区
湖州市,德清县
湖州市,安吉县
金华市,东阳市
杭州市,余杭区
温州市,龙湾区
杭州市,滨江区
杭州市,西湖区
湖州市,吴兴区
衢州市,柯城区
湖州市,安吉县
湖州市,吴兴区
湖州市,长兴县
杭州市,拱墅区
绍兴市,越城区
杭州市,拱墅区
金华市,金东区
杭州市,临安市
宁波市,奉化市
衢州市,江山市
宁波市,奉化市
杭州市,西湖区
杭州市,江干区
杭州市,江干区
台州市,黄岩区
绍兴市,诸暨市
杭州市,西湖区
杭州市,萧山区
温州市,乐清市
杭州市,萧山区
温州市,乐清市
宁波市,奉化市
湖州市,长兴县
湖州市,长兴县
湖州市,长兴县
湖州市,长兴县
湖州市,长兴县
湖州市,长兴县
湖州市,长兴县
杭州市,余杭区
杭州市,余杭区
温州市,龙湾区
衢州市,常山县
嘉兴市,海宁市
杭州市,余杭区
杭州市,桐庐县
杭州市,余杭区
杭州市,江干区
杭州市,江干区
杭州市,余杭区
杭州市,余杭区
杭州市,余杭区
绍兴市,新昌县
湖州市,南浔区
温州市,瑞安市
湖州市,吴兴区
杭州市,江干区
金华市,金东区
杭州市,江干区
嘉兴市,南湖区
台州市,天台县
温州市,乐清市
嘉兴市,海盐县
嘉兴市,海宁市
嘉兴市,桐乡市
台州市,温岭市
台州市,椒江区
湖州市,吴兴区
嘉兴市,平湖市
湖州市,南浔区
温州市,乐清市
杭州市,桐庐县
杭州市,江干区
绍兴市,上虞区
绍兴市,诸暨市
杭州市,江干区
温州市,乐清市
杭州市,江干区
湖州市,吴兴区
杭州市,江干区
台州市,温岭市
台州市,椒江区
温州市,龙湾区
绍兴市,柯桥区
杭州市,西湖区
舟山市,定海区
杭州市,萧山区
湖州市,德清县
宁波市,慈溪市
绍兴市,柯桥区
杭州市,桐庐县
杭州市,江干区
杭州市,桐庐县
杭州市,拱墅区
湖州市,长兴县
丽水市,松阳县
嘉兴市,桐乡市
衢州市,柯城区
金华市,义乌市
杭州市,余杭区
杭州市,江干区
衢州市,江山市
杭州市,江干区
杭州市,余杭区
绍兴市,柯桥区
温州市,龙湾区
杭州市,西湖区
衢州市,江山市
台州市,温岭市
衢州市,柯城区
杭州市,江干区
湖州市,南浔区
台州市,椒江区
温州市,瓯海区
丽水市,景宁县
台州市,椒江区
衢州市,常山县
绍兴市,柯桥区
绍兴市,柯桥区
绍兴市,上虞区
衢州市,江山市
杭州市,江干区
嘉兴市,海宁市
湖州市,安吉县
杭州市,江干区
杭州市,桐庐县
宁波市,镇海区
杭州市,江干区
湖州市,安吉县
衢州市,开化县
杭州市,江干区
丽水市,缙云县
绍兴市,柯桥区
绍兴市,上虞区
温州市,龙湾区
湖州市,长兴县
绍兴市,上虞区
舟山市,定海区
杭州市,江干区
杭州市,江干区
台州市,临海市
衢州市,龙游县
嘉兴市,南湖区
台州市,仙居县
宁波市,江东区
杭州市,江干区
温州市,龙湾区
衢州市,江山市
湖州市,吴兴区
杭州市,江干区
台州市,温岭市
杭州市,江干区
丽水市,龙泉市
杭州市,上城区
舟山市,定海区
温州市,平阳县
杭州市,江干区
衢州市,常山县
温州市,洞头县
衢州市,衢江区
丽水市,龙泉市
丽水市,莲都区
温州市,乐清市
金华市,浦江县
杭州市,江干区
湖州市,吴兴区
杭州市,江干区
温州市,瑞安市
台州市,天台县
台州市,温岭市
绍兴市,上虞区
绍兴市,上虞区
温州市,永嘉县
杭州市,萧山区
衢州市,常山县
湖州市,长兴县
湖州市,长兴县
湖州市,长兴县
湖州市,长兴县
杭州市,桐庐县
湖州市,安吉县
杭州市,萧山市
湖州市,长兴县
湖州市,长兴县
湖州市,长兴县
湖州市,长兴县
绍兴市,越城区
温州市,乐清市
湖州市,德清县
杭州市,临安市
嘉兴市,海盐县
温州市,苍南县
丽水市,莲都区
衢州市,江山市
杭州市,江干区
杭州市,余杭区
杭州市,余杭区
杭州市,余杭区
台州市,椒江区
丽水市,松阳县
杭州市,江干区
衢州市,江山市
湖州市,德清县
杭州市,滨江区
杭州市,江干区
杭州市,江干区
温州市,鹿城区
台州市,临海市
丽水市,庆元县
绍兴市,柯桥区
杭州市,江干区
衢州市,柯城区
杭州市,萧山区
绍兴市,诸暨市
温州市,文成县
丽水市,龙泉市
绍兴市,上虞区
杭州市,江干区
湖州市,长兴县
杭州市,滨江区
温州市,瓯海区
杭州市,西湖区
湖州市,南浔区
台州市,温岭市
台州市,温岭市
杭州市,江干区
温州市,鹿城区
丽水市,莲都区
丽水市,莲都区
湖州市,吴兴区
湖州市,德清县
杭州市,江干区
湖州市,德清县
杭州市,余杭区
绍兴市,柯桥区
杭州市,西湖区
杭州市,江干区
衢州市,衢江区
湖州市,吴兴区
杭州市,余杭区
杭州市,余杭区
嘉兴市,海宁市
杭州市,西湖区
温州市,瑞安市
台州市,天台县
杭州市,江干区
湖州市,德清县
台州市,临海市
宁波市,江北区
绍兴市,越城区
舟山市,岱山县
杭州市,江干区
杭州市,临安市
杭州市,江干区
湖州市,安吉县
杭州市,江干区
丽水市,松阳县
温州市,鹿城区
丽水市,缙云县
宁波市,奉化市
宁波市,奉化市
杭州市,江干区
温州市,乐清市
杭州市,萧山区
湖州市,安吉县
绍兴市,越城区
杭州市,下城区
丽水市,青田县
湖州市,吴兴区
湖州市,安吉县
温州市,鹿城区
湖州市,吴兴区
绍兴市,柯桥区
杭州市,西湖区
绍兴市,诸暨市
绍兴市,嵊州市
金华市,东阳市
衢州市,江山市
舟山市,定海区
杭州市,江干区
绍兴市,越城区
杭州市,萧山区
杭州市,余杭区
杭州市,拱墅区
杭州市,下城区
丽水市,庆元县
金华市,东阳市
舟山市,岱山县
衢州市,常山县
杭州市,江干区
湖州市,德清县
杭州市,江干区
绍兴市,诸暨市
绍兴市,诸暨市
绍兴市,诸暨市
温州市,瓯海区
嘉兴市,海宁市
温州市,平阳县
杭州市,富阳市
嘉兴市,海宁市
丽水市,莲都区
杭州市,江干区
台州市,仙居县
丽水市,莲都区
湖州市,德清县
杭州市,萧山区
台州市,温岭市
湖州市,吴兴区
丽水市,莲都区
舟山市,定海区
宁波市,奉化市
湖州市,安吉县
杭州市,江干区
衢州市,龙游县
湖州市,德清县
杭州市,余杭区
杭州市,滨江区
温州市,永嘉县
湖州市,安吉县
衢州市,开化县
宁波市,鄞州区
金华市,东阳市
杭州市,滨江区
金华市,义乌市
丽水市,龙泉市
湖州市,长兴县
台州市,温岭市
杭州市,江干区
丽水市,庆元县
温州市,龙湾区
衢州市,衢江区
杭州市,余杭区
温州市,鹿城区
湖州市,长兴县
杭州市,江干区
台州市,临海市
嘉兴市,平湖市
杭州市,江干区
湖州市,南浔区
杭州市,江干区
杭州市,拱墅区
衢州市,龙游县
杭州市,西湖区
金华市,永康市
台州市,天台县
绍兴市,柯桥区
衢州市,柯城区
杭州市,江干区
湖州市,南浔区
嘉兴市,平湖市
丽水市,松阳县
湖州市,长兴县
温州市,鹿城区
温州市,乐清市
金华市,义乌市
杭州市,余杭区
杭州市,萧山市
绍兴市,越城区
绍兴市,越城区
绍兴市,诸暨市
绍兴市,诸暨市
杭州市,江干区
杭州市,江干区
湖州市,德清县
舟山市,岱山县
金华市,东阳市
杭州市,江干区
温州市,龙湾区
金华市,东阳市
湖州市,吴兴区
杭州市,临安市
杭州市,江干区
衢州市,常山县
湖州市,长兴县
温州市,苍南县
台州市,仙居县
湖州市,南浔区
杭州市,江干区
宁波市,镇海区
衢州市,江山市
温州市,瓯海区
丽水市,青田县
丽水市,青田县
台州市,温岭市
湖州市,吴兴区
温州市,龙湾区
杭州市,余杭区
杭州市,江干区
衢州市,江山市
杭州市,江干区
杭州市,江干区
温州市,鹿城区
台州市,天台县
杭州市,拱墅区
温州市,瓯海区
台州市,温岭市
绍兴市,嵊州市
杭州市,上城区
湖州市,德清县
丽水市,莲都区
杭州市,滨江区
绍兴市,诸暨市
绍兴市,诸暨市
绍兴市,诸暨市
绍兴市,诸暨市
台州市,经济开发区
台州市,经济开发区
台州市,经济开发区
台州市,三门县
台州市,黄岩区
台州市,温岭市
杭州市,江干区
绍兴市,嵊州市
湖州市,德清县
金华市,永康市
温州市,乐清市
金华市,东阳市
杭州市,西湖区
温州市,瓯海区
湖州市,安吉县
杭州市,江干区
嘉兴市,海盐县
舟山市,定海区
湖州市,安吉县
温州市,鹿城区
温州市,鹿城区
台州市,黄岩区
温州市,瓯海区
杭州市,西湖区
湖州市,德清县
湖州市,安吉县
温州市,文成县
杭州市,江干区
宁波市,鄞州区
温州市,龙湾区
温州市,鹿城区
杭州市,拱墅区
丽水市,景宁县
杭州市,余杭区
杭州市,上城区
杭州市,余杭区
台州市,温岭市
金华市,永康市
嘉兴市,海宁市
绍兴市,上虞区
温州市,平阳县
绍兴市,嵊州市
丽水市,缙云县
杭州市,西湖区
台州市,玉环市
台州市,玉环市
台州市,玉环市
台州市,玉环市
台州市,玉环市
台州市,玉环市
温州市,龙湾区
杭州市,江干区
丽水市,龙泉市
湖州市,长兴县
温州市,文成县
杭州市,萧山区
杭州市,江干区
杭州市,萧山区
温州市,永嘉县
温州市,苍南县
湖州市,吴兴区
金华市,婺城区
杭州市,西湖区
温州市,乐清市
杭州市,西湖区
台州市,临海市
杭州市,江干区
丽水市,云和县
杭州市,江干区
衢州市,常山县
台州市,黄岩区
宁波市,海曙区
丽水市,龙泉市
衢州市,龙游县
温州市,瑞安市
杭州市,西湖区
温州市,瓯海区
台州市,玉环市
温州市,瓯海区
温州市,鹿城区
杭州市,余杭区
杭州市,西湖区
杭州市,江干区
温州市,鹿城区
湖州市,德清县
金华市,义乌市
杭州市,江干区
丽水市,缙云县
宁波市,鄞州区
温州市,龙湾区
温州市,永嘉县
杭州市,江干区
湖州市,吴兴区
绍兴市,柯桥区
湖州市,德清县
丽水市,莲都区
金华市,婺城区
温州市,瑞安市
温州市,瓯海区
杭州市,拱墅区
台州市,温岭市
绍兴市,柯桥区
金华市,东阳市
绍兴市,柯桥区
绍兴市,新昌县
丽水市,缙云县
金华市,东阳市
绍兴市,诸暨市
杭州市,萧山市
温州市,永嘉县
衢州市,柯城区
温州市,龙湾区
绍兴市,上虞区
台州市,玉环市
台州市,温岭市
台州市,温岭市
丽水市,龙泉市
湖州市,吴兴区
嘉兴市,嘉善县
绍兴市,上虞区
宁波市,鄞州区
金华市,永康市
丽水市,缙云县
湖州市,德清县
绍兴市,嵊州市
温州市,龙湾区
湖州市,吴兴区
杭州市,江干区
湖州市,吴兴区
宁波市,江东区
杭州市,拱墅区
嘉兴市,海宁市
温州市,龙湾区
台州市,路桥区
温州市,瑞安市
杭州市,西湖区
湖州市,吴兴区
嘉兴市,平湖市
台州市,天台县
杭州市,拱墅区
嘉兴市,海宁市
衢州市,衢江区
台州市,椒江区
湖州市,德清县
杭州市,江干区
丽水市,莲都区
温州市,瑞安市
湖州市,安吉县
湖州市,长兴县
丽水市,莲都区
温州市,瑞安市
温州市,瑞安市
台州市,临海市
杭州市,江干区
杭州市,江干区
台州市,椒江区
湖州市,安吉县
嘉兴市,海宁市
台州市,椒江区
金华市,婺城区
舟山市,定海区
绍兴市,越城区
温州市,瑞安市
金华市,永康市
温州市,龙湾区
杭州市,江干区
杭州市,余杭区
湖州市,安吉县
杭州市,萧山区
湖州市,安吉县
舟山市,定海区
金华市,兰溪市
湖州市,长兴县
嘉兴市,秀洲区
湖州市,吴兴区
湖州市,吴兴区
温州市,龙湾区
台州市,路桥区
杭州市,江干区
衢州市,江山市
杭州市,富阳市
丽水市,龙泉市
绍兴市,嵊州市
宁波市,奉化市
湖州市,吴兴区
杭州市,余杭区
杭州市,桐庐县
温州市,瑞安市
金华市,婺城区
台州市,天台县
温州市,龙湾区
舟山市,定海区
台州市,路桥区
舟山市,定海区
湖州市,吴兴区
杭州市,江干区
湖州市,德清县
温州市,泰顺县
宁波市,奉化市
绍兴市,越城区
湖州市,吴兴区
湖州市,长兴县
丽水市,遂昌县
台州市,温岭市
湖州市,吴兴区
杭州市,江干区
杭州市,江干区
温州市,龙湾区
宁波市,鄞州区
杭州市,江干区
温州市,龙湾区
杭州市,江干区
杭州市,余杭区
温州市,平阳县
温州市,瑞安市
湖州市,长兴县
湖州市,南浔区
杭州市,江干区
舟山市,定海区
温州市,龙湾区
丽水市,莲都区
杭州市,江干区
杭州市,西湖区
湖州市,安吉县
衢州市,江山市
湖州市,安吉县
宁波市,奉化市
绍兴市,越城区
杭州市,江干区
台州市,天台县
温州市,瓯海区
杭州市,江干区
杭州市,余杭区
嘉兴市,海宁市
温州市,永嘉县
杭州市,滨江区
温州市,洞头县
台州市,路桥区
台州市,天台县
台州市,黄岩区
温州市,龙湾区
舟山市,定海区
绍兴市,柯桥区
杭州市,萧山区
绍兴市,诸暨市
台州市,温岭市
湖州市,长兴县
温州市,洞头县
丽水市,莲都区
杭州市,江干区
杭州市,西湖区
杭州市,拱墅区
湖州市,南浔区
温州市,洞头县
杭州市,江干区
湖州市,德清县
台州市,临海市
杭州市,萧山区
绍兴市,上虞区
杭州市,江干区
湖州市,吴兴区
台州市,天台县
杭州市,江干区
杭州市,临安市
温州市,龙湾区
湖州市,安吉县
嘉兴市,南湖区
宁波市,镇海区
衢州市,开化县
绍兴市,上虞区
湖州市,德清县
丽水市,莲都区
绍兴市,嵊州市
温州市,乐清市
衢州市,江山市
杭州市,萧山区
衢州市,衢江区
温州市,鹿城区
台州市,黄岩区
嘉兴市,桐乡市
杭州市,拱墅区
湖州市,德清县
温州市,龙湾区
金华市,婺城区
丽水市,云和县
杭州市,西湖区
杭州市,江干区
绍兴市,柯桥区
衢州市,江山市
绍兴市,越城区
绍兴市,柯桥区
湖州市,德清县
杭州市,余杭区
湖州市,长兴县
温州市,永嘉县
绍兴市,上虞区
衢州市,江山市
丽水市,莲都区
杭州市,下城区
台州市,天台县
绍兴市,越城区
丽水市,青田县
台州市,路桥区
湖州市,安吉县
台州市,温岭市
温州市,瓯海区
绍兴市,柯桥区
杭州市,余杭区
湖州市,安吉县
湖州市,吴兴区
湖州市,吴兴区
温州市,鹿城区
杭州市,江干区
温州市,瑞安市
宁波市,奉化市
杭州市,滨江区
温州市,文成县
衢州市,江山市
湖州市,南浔区
湖州市,安吉县
温州市,乐清市
湖州市,吴兴区
杭州市,余杭区
湖州市,德清县
温州市,瓯海区
杭州市,江干区
金华市,永康市
温州市,乐清市
绍兴市,柯桥区
杭州市,临安市
温州市,瑞安市
湖州市,长兴县
衢州市,江山市
湖州市,长兴县
嘉兴市,秀洲区
衢州市,衢江区
台州市,温岭市
湖州市,安吉县
温州市,瓯海区
舟山市,定海区
丽水市,遂昌县
杭州市,西湖区
杭州市,江干区
杭州市,江干区
丽水市,松阳县
温州市,瑞安市
杭州市,余杭区
杭州市,西湖区
杭州市,西湖区
绍兴市,诸暨市
湖州市,安吉县
温州市,瓯海区
台州市,仙居县
绍兴市,嵊州市
丽水市,莲都区
台州市,温岭市
杭州市,江干区
绍兴市,嵊州市
台州市,天台县
衢州市,龙游县
湖州市,德清县
台州市,临海市
台州市,黄岩区
湖州市,南浔区
舟山市,普陀区
衢州市,江山市
金华市,婺城区
湖州市,长兴县
杭州市,滨江区
杭州市,西湖区
杭州市,江干区
舟山市,岱山县
嘉兴市,桐乡市
杭州市,余杭区
杭州市,余杭区
台州市,温岭市
杭州市,西湖区
温州市,龙湾区
杭州市,西湖区
湖州市,德清县
金华市,义乌市
湖州市,德清县
温州市,瓯海区
湖州市,长兴县
台州市,临海市
丽水市,庆元县
杭州市,江干区
温州市,鹿城区
杭州市,江干区
绍兴市,柯桥区
绍兴市,柯桥区
温州市,龙湾区
温州市,鹿城区
杭州市,滨江区
绍兴市,柯桥区
绍兴市,诸暨市
湖州市,德清县
杭州市,拱墅区
杭州市,江干区
台州市,温岭市
衢州市,江山市
台州市,天台县
杭州市,江干区
湖州市,德清县
绍兴市,柯桥区
台州市,玉环市
台州市,椒江区
温州市,永嘉县
杭州市,萧山区
衢州市,常山县
温州市,瑞安市
嘉兴市,桐乡市
丽水市,松阳县
杭州市,拱墅区
嘉兴市,桐乡市
温州市,龙湾区
杭州市,拱墅区
绍兴市,新昌县
台州市,临海市
舟山市,定海区
杭州市,萧山区
舟山市,定海区
湖州市,安吉县
绍兴市,上虞区
台州市,黄岩区
温州市,龙湾区
杭州市,江干区
湖州市,吴兴区
杭州市,余杭区
金华市,兰溪市
杭州市,江干区
杭州市,上城区
温州市,瑞安市
杭州市,江干区
嘉兴市,嘉善县
杭州市,滨江区
绍兴市,诸暨市
台州市,温岭市
温州市,鹿城区
杭州市,余杭区
绍兴市,柯桥区
温州市,永嘉县
金华市,永康市
衢州市,江山市
舟山市,普陀区
杭州市,余杭区
杭州市,江干区
嘉兴市,海宁市
温州市,龙湾区
绍兴市,越城区
杭州市,西湖区
杭州市,拱墅区
台州市,天台县
湖州市,安吉县
金华市,婺城区
杭州市,余杭区
温州市,瓯海区
温州市,乐清市
绍兴市,柯桥区
温州市,瓯海区
杭州市,西湖区
湖州市,吴兴区
温州市,鹿城区
衢州市,衢江区
温州市,瑞安市
杭州市,西湖区
台州市,路桥区
金华市,永康市
丽水市,青田县
杭州市,江干区
湖州市,长兴县
温州市,鹿城区
台州市,天台县
绍兴市,嵊州市
绍兴市,诸暨市
杭州市,江干区
丽水市,云和县
温州市,鹿城区
台州市,黄岩区
杭州市,余杭区
杭州市,余杭区
杭州市,江干区
绍兴市,上虞区
丽水市,松阳县
台州市,临海市
湖州市,德清县
杭州市,江干区
绍兴市,上虞区
温州市,鹿城区
丽水市,莲都区
杭州市,江干区
温州市,乐清市
衢州市,开化县
温州市,乐清市
温州市,龙湾区
杭州市,桐庐县
丽水市,云和县
衢州市,柯城区
杭州市,上城区
绍兴市,越城区
舟山市,定海区
丽水市,景宁县
杭州市,拱墅区
台州市,黄岩区
杭州市,江干区
丽水市,景宁县
宁波市,江东区
杭州市,江干区
丽水市,缙云县
金华市,婺城区
台州市,温岭市
嘉兴市,南湖区
丽水市,云和县
杭州市,下城区
绍兴市,诸暨市
宁波市,象山县
丽水市,遂昌县
湖州市,吴兴区
杭州市,江干区
舟山市,定海区
温州市,鹿城区
温州市,龙湾区
绍兴市,柯桥区
杭州市,西湖区
衢州市,衢江区
温州市,瑞安市
嘉兴市,海宁市
台州市,温岭市
舟山市,普陀区
温州市,平阳县
台州市,路桥区
金华市,永康市
杭州市,江干区
台州市,路桥区
温州市,洞头县
温州市,鹿城区
杭州市,下城区
湖州市,安吉县
台州市,三门县
湖州市,安吉县
舟山市,定海区
台州市,温岭市
嘉兴市,海宁市
台州市,临海市
杭州市,萧山区
绍兴市,新昌县
金华市,婺城区
杭州市,萧山区
杭州市,江干区
杭州市,余杭区
台州市,温岭市
丽水市,遂昌县
温州市,永嘉县
杭州市,桐庐县
杭州市,江干区
台州市,临海市
杭州市,富阳市
杭州市,上城区
台州市,路桥区
舟山市,岱山县
嘉兴市,南湖区
绍兴市,诸暨市
丽水市,莲都区
丽水市,莲都区
金华市,义乌市
杭州市,江干区
杭州市,萧山区
杭州市,西湖区
温州市,龙湾区
湖州市,长兴县
杭州市,余杭区
杭州市,江干区
湖州市,长兴县
台州市,临海市
杭州市,江干区
宁波市,奉化市
杭州市,萧山区
嘉兴市,海宁市
湖州市,长兴县
温州市,瓯海区
杭州市,上城区
杭州市,余杭区
杭州市,江干区
杭州市,滨江区
杭州市,西湖区
绍兴市,越城区
温州市,苍南县
绍兴市,诸暨市
温州市,瑞安市
湖州市,吴兴区
杭州市,江干区
绍兴市,柯桥区
嘉兴市,海宁市
湖州市,德清县
绍兴市,越城区
湖州市,吴兴区
湖州市,南浔区
温州市,鹿城区
湖州市,德清县
绍兴市,上虞区
杭州市,江干区
台州市,温岭市
绍兴市,嵊州市
杭州市,余杭区
台州市,路桥区
杭州市,西湖区
丽水市,松阳县
绍兴市,嵊州市
杭州市,江干区
衢州市,江山市
绍兴市,诸暨市
绍兴市,上虞区
杭州市,江干区
绍兴市,越城区
杭州市,江干区
嘉兴市,海宁市
温州市,瑞安市
舟山市,普陀区
丽水市,莲都区
台州市,黄岩区
宁波市,鄞州区
台州市,临海市
舟山市,普陀区
金华市,永康市
台州市,温岭市
宁波市,江北区
嘉兴市,南湖区
湖州市,安吉县
金华市,东阳市
丽水市,云和县
温州市,泰顺县
台州市,临海市
杭州市,江干区
绍兴市,柯桥区
温州市,苍南县
台州市,温岭市
湖州市,德清县
丽水市,松阳县
杭州市,江干区
舟山市,定海区
嘉兴市,南湖区
舟山市,普陀区
丽水市,庆元县
温州市,瓯海区
湖州市,吴兴区
温州市,鹿城区
杭州市,拱墅区
台州市,椒江区
杭州市,西湖区
金华市,义乌市
杭州市,江干区
台州市,玉环市
杭州市,桐庐县
绍兴市,柯桥区
杭州市,江干区
杭州市,余杭区
嘉兴市,南湖区
温州市,瑞安市
温州市,瑞安市
湖州市,德清县
湖州市,长兴县
杭州市,淳安县
杭州市,桐庐县
温州市,瑞安市
金华市,永康市
丽水市,云和县
温州市,瓯海区
衢州市,开化县
温州市,瑞安市
湖州市,吴兴区
温州市,鹿城区
台州市,仙居县
杭州市,西湖区
湖州市,南浔区
温州市,龙湾区
温州市,瑞安市
台州市,温岭市
宁波市,奉化市
湖州市,吴兴区
温州市,鹿城区
台州市,温岭市
杭州市,江干区
绍兴市,柯桥区
衢州市,常山县
杭州市,滨江区
杭州市,江干区
绍兴市,新昌县
衢州市,柯城区
金华市,兰溪市
杭州市,江干区
嘉兴市,南湖区
绍兴市,柯桥区
温州市,苍南县
杭州市,江干区
嘉兴市,嘉善县
绍兴市,柯桥区
舟山市,普陀区
台州市,温岭市
湖州市,南浔区
温州市,乐清市
温州市,乐清市
台州市,椒江区
丽水市,缙云县
湖州市,长兴县
台州市,温岭市
台州市,温岭市
绍兴市,嵊州市
丽水市,龙泉市
台州市,路桥区
温州市,苍南县
宁波市,奉化市
台州市,天台县
杭州市,江干区
丽水市,缙云县
杭州市,西湖区
绍兴市,上虞区
杭州市,余杭区
杭州市,江干区
温州市,鹿城区
杭州市,西湖区
温州市,瑞安市
湖州市,安吉县
温州市,乐清市
温州市,乐清市
湖州市,德清县
衢州市,开化县
湖州市,吴兴区
金华市,义乌市
舟山市,嵊泗县
杭州市,江干区
温州市,鹿城区
温州市,鹿城区
湖州市,安吉县
杭州市,桐庐县
丽水市,莲都区
舟山市,定海区
嘉兴市,海宁市
湖州市,德清县
湖州市,吴兴区
舟山市,定海区
杭州市,江干区
湖州市,长兴县
湖州市,吴兴区
台州市,温岭市
杭州市,江干区
丽水市,龙泉市
金华市,永康市
嘉兴市,桐乡市
湖州市,德清县
宁波市,镇海区
台州市,玉环市
温州市,瑞安市
湖州市,安吉县
绍兴市,诸暨市
杭州市,桐庐县
丽水市,缙云县
杭州市,上城区
温州市,鹿城区
杭州市,江干区
丽水市,莲都区
衢州市,开化县
绍兴市,新昌县
杭州市,拱墅区
杭州市,余杭区
杭州市,萧山区
杭州市,桐庐县
温州市,永嘉县
衢州市,柯城区
嘉兴市,海宁市
绍兴市,越城区
杭州市,江干区
温州市,瑞安市
丽水市,遂昌县
台州市,温岭市
台州市,温岭市
台州市,临海市
台州市,温岭市
台州市,温岭市
台州市,椒江区
台州市,仙居县
台州市,仙居县
台州市,仙居县
台州市,仙居县
台州市,玉环市
台州市,经济开发区
台州市,黄岩区
台州市,黄岩区
台州市,玉环市
台州市,三门县
台州市,玉环市
台州市,玉环市
台州市,临海市
台州市,黄岩区
台州市,温岭市
台州市,天台县
丽水市,遂昌县
温州市,乐清市
金华市,东阳市
杭州市,余杭区
金华市,东阳市
金华市,东阳市
金华市,东阳市
台州市,天台县
台州市,天台县
金华市,东阳市
金华市,东阳市
金华市,东阳市
金华市,东阳市
杭州市,萧山市
绍兴市,诸暨市
金华市,永康市
丽水市,云和县
绍兴市,柯桥区
金华市,东阳市
丽水市,云和县
杭州市,滨江区
绍兴市,诸暨市
绍兴市,柯桥区
台州市,椒江区
台州市,椒江区
台州市,玉环市
绍兴市,上虞区
杭州市,余杭区
杭州市,江干区
温州市,龙湾区
宁波市,鄞州区
杭州市,江干区
温州市,苍南县
金华市,义乌市
宁波市,奉化市
湖州市,吴兴区
温州市,鹿城区
杭州市,萧山区
杭州市,江干区
舟山市,定海区
温州市,乐清市
湖州市,长兴县
衢州市,江山市
台州市,椒江区
杭州市,拱墅区
杭州市,西湖区
绍兴市,越城区
绍兴市,诸暨市
湖州市,吴兴区
湖州市,吴兴区
杭州市,余杭区
金华市,东阳市
金华市,东阳市
杭州市,余杭区
杭州市,余杭区
杭州市,余杭区
绍兴市,诸暨市
绍兴市,上虞区
绍兴市,上虞区
绍兴市,上虞区
绍兴市,上虞区
杭州市,余杭区
杭州市,余杭区
台州市,天台县
杭州市,余杭区
丽水市,庆元县
绍兴市,嵊州市
湖州市,长兴县
绍兴市,柯桥区
绍兴市,上虞区
金华市,永康市
杭州市,萧山市
丽水市,缙云县
绍兴市,柯桥区
丽水市,缙云县
丽水市,缙云县
绍兴市,诸暨市
杭州市,余杭区
杭州市,
绍兴市,上虞区
金华市,东阳市
杭州市,江干区
丽水市,青田县
温州市,乐清市
温州市,鹿城区
杭州市,余杭区
杭州市,滨江区
绍兴市,嵊州市
湖州市,长兴县
湖州市,长兴县
杭州市,江干区
杭州市,余杭区
杭州市,西湖区
杭州市,余杭区
丽水市,丽水市
台州市,椒江区
绍兴市,诸暨市
丽水市,遂昌县
丽水市,丽水市
丽水市,庆元县
嘉兴市,嘉善县
金华市,永康市
绍兴市,越城区
绍兴市,柯桥区
绍兴市,柯桥区
杭州市,余杭区
杭州市,余杭区
杭州市,余杭区
杭州市,江干区
杭州市,余杭区
湖州市,长兴县
湖州市,长兴县
绍兴市,柯桥区
温州市,瑞安市
杭州市,滨江区
金华市,永康市
金华市,永康市
金华市,东阳市
金华市,东阳市
丽水市,遂昌县
金华市,东阳市
台州市,椒江区
台州市,椒江区
台州市,椒江区
台州市,椒江区
台州市,仙居县
台州市,仙居县
台州市,仙居县
台州市,玉环市
台州市,黄岩区
台州市,椒江区
台州市,临海市
杭州市,萧山市
杭州市,萧山市
杭州市,萧山市
杭州市,萧山市
杭州市,萧山市
杭州市,萧山市
绍兴市,诸暨市
绍兴市,诸暨市
绍兴市,嵊州市
绍兴市,嵊州市
绍兴市,诸暨市
丽水市,丽水市
丽水市,龙泉市
丽水市,云和县
丽水市,龙泉市
绍兴市,诸暨市
绍兴市,诸暨市
杭州市,萧山市
杭州市,萧山市
杭州市,萧山市
杭州市,萧山市
杭州市,萧山市
杭州市,余杭区
金华市,东阳市
温州市,平阳县
丽水市,云和县
丽水市,遂昌县
湖州市,南浔区
杭州市,拱墅区
台州市,玉环市
台州市,温岭市
台州市,温岭市
杭州市,余杭区
衢州市,江山市
杭州市,江干区
衢州市,衢江区
台州市,临海市
杭州市,西湖区
台州市,天台县
绍兴市,嵊州市
金华市,永康市
湖州市,德清县
台州市,温岭市
杭州市,滨江区
台州市,玉环市
台州市,温岭市
台州市,天台县
杭州市,江干区
温州市,永嘉县
杭州市,江干区
杭州市,江干区
绍兴市,诸暨市
绍兴市,诸暨市
湖州市,长兴县
温州市,平阳县
台州市,玉环市
台州市,玉环市
台州市,玉环市
台州市,玉环市
台州市,玉环市
台州市,玉环市
杭州市,萧山市
杭州市,萧山市
杭州市,萧山市
金华市,东阳市
金华市,东阳市
金华市,东阳市
金华市,东阳市
金华市,东阳市
金华市,东阳市
金华市,东阳市
金华市,东阳市
绍兴市,上虞区
绍兴市,上虞区
绍兴市,上虞区
舟山市,定海区
金华市,永康市
金华市,永康市
绍兴市,上虞区
绍兴市,柯桥区
绍兴市,新昌县
杭州市,拱墅区
温州市,平阳县
绍兴市,诸暨市
绍兴市,诸暨市
绍兴市,越城区
金华市,永康市
金华市,永康市
绍兴市,柯桥区
绍兴市,柯桥区
绍兴市,柯桥区
绍兴市,柯桥区
绍兴市,
台州市,仙居县
台州市,仙居县
台州市,经济开发区
台州市,经济开发区
台州市,临海市
温州市,龙湾区
杭州市,西湖区
湖州市,吴兴区
舟山市,定海区
温州市,龙湾区
台州市,温岭市
嘉兴市,平湖市
金华市,东阳市
金华市,东阳市
金华市,东阳市
金华市,东阳市
绍兴市,新昌县
金华市,东阳市
温州市,瑞安市
杭州市,萧山市
绍兴市,柯桥区
绍兴市,柯桥区
金华市,东阳市
杭州市,萧山市
绍兴市,新昌县
嘉兴市,郊  区
杭州市,余杭区
绍兴市,上虞区
杭州市,萧山市
金华市,东阳市
绍兴市,上虞区
杭州市,余杭区
杭州市,余杭区
绍兴市,柯桥区
杭州市,余杭区
绍兴市,柯桥区
丽水市,遂昌县
杭州市,余杭区
绍兴市,柯桥区
金华市,永康市
绍兴市,柯桥区
金华市,永康市
绍兴市,诸暨市
绍兴市,柯桥区
嘉兴市,海宁市
湖州市,德清县
丽水市,缙云县
舟山市,定海区
绍兴市,上虞区
温州市,瓯海区
杭州市,萧山区
杭州市,江干区
湖州市,德清县
绍兴市,嵊州市
杭州市,萧山市
杭州市,萧山市
杭州市,萧山市
杭州市,萧山市
杭州市,萧山市
杭州市,萧山市
绍兴市,诸暨市
温州市,乐清市
丽水市,青田县
金华市,东阳市
金华市,东阳市
丽水市,云和县
金华市,东阳市
金华市,东阳市
杭州市,余杭区
杭州市,萧山市
金华市,永康市
杭州市,余杭区
杭州市,余杭区
杭州市,余杭区
杭州市,余杭区
杭州市,余杭区
湖州市,吴兴区
湖州市,南浔区
嘉兴市,海宁市
湖州市,吴兴区
台州市,温岭市
台州市,黄岩区
台州市,临海市
台州市,黄岩区
台州市,仙居县
台州市,温岭市
台州市,温岭市
台州市,温岭市
台州市,三门县
台州市,路桥区
台州市,路桥区
杭州市,萧山市
杭州市,萧山市
杭州市,萧山市
杭州市,萧山市
杭州市,萧山市
杭州市,萧山市
金华市,兰溪市
杭州市,余杭区
杭州市,萧山市
绍兴市,诸暨市
金华市,永康市
金华市,东阳市
金华市,永康市
金华市,永康市
杭州市,萧山市
杭州市,萧山市
绍兴市,诸暨市
湖州市,吴兴区
温州市,永嘉县
金华市,永康市
台州市,椒江区
台州市,临海市
金华市,永康市
金华市,婺城区
杭州市,江干区
杭州市,萧山区
宁波市,鄞州区
温州市,龙湾区
绍兴市,上虞区
台州市,路桥区
舟山市,定海区
杭州市,江干区
绍兴市,上虞区
绍兴市,越城区
衢州市,江山市
温州市,乐清市
丽水市,莲都区
丽水市,景宁县
杭州市,余杭区
湖州市,吴兴区
温州市,鹿城区
湖州市,德清县
湖州市,吴兴区
绍兴市,上虞区
杭州市,余杭区
绍兴市,诸暨市
绍兴市,诸暨市
金华市,东阳市
湖州市,长兴县
金华市,永康市
台州市,路桥区
台州市,黄岩区
台州市,黄岩区
台州市,椒江区
台州市,三门县
杭州市,余杭区
杭州市,余杭区
杭州市,余杭区
台州市,临海市
杭州市,余杭区
金华市,东阳市
金华市,东阳市
金华市,永康市
金华市,东阳市
绍兴市,柯桥区
台州市,天台县
杭州市,萧山市
杭州市,余杭区
台州市,天台县
丽水市,庆元县
台州市,天台县
丽水市,庆元县
湖州市,吴兴区
杭州市,淳安县
绍兴市,柯桥区
温州市,瑞安市
金华市,东阳市
绍兴市,诸暨市
金华市,东阳市
金华市,东阳市
金华市,东阳市
嘉兴市,海宁市
金华市,东阳市
金华市,东阳市
丽水市,景宁畲族自治县
金华市,东阳市
台州市,椒江区
台州市,椒江区
台州市,黄岩区
台州市,温岭市
台州市,温岭市
台州市,温岭市
台州市,温岭市
台州市,温岭市
绍兴市,柯桥区
杭州市,萧山区
湖州市,德清县
绍兴市,柯桥区
温州市,鹿城区
金华市,东阳市
金华市,东阳市
金华市,东阳市
金华市,东阳市
金华市,东阳市
金华市,东阳市
丽水市,龙泉市
金华市,东阳市
金华市,东阳市
台州市,天台县
杭州市,余杭区
绍兴市,新昌县
绍兴市,诸暨市
绍兴市,新昌县
金华市,东阳市
杭州市,萧山市
杭州市,余杭区
杭州市,余杭区
杭州市,余杭区
杭州市,余杭区
金华市,东阳市
绍兴市,诸暨市
金华市,东阳市
金华市,东阳市
金华市,东阳市
金华市,永康市
金华市,永康市
金华市,永康市
金华市,永康市
金华市,东阳市
嘉兴市,海宁市
温州市,龙湾区
湖州市,吴兴区
湖州市,安吉县
杭州市,江干区
绍兴市,柯桥区
绍兴市,诸暨市
绍兴市,诸暨市
绍兴市,越城区
湖州市,长兴县
绍兴市,越城区
湖州市,长兴县
湖州市,长兴县
金华市,东阳市
丽水市,龙泉市
杭州市,萧山市
丽水市,松阳县
丽水市,松阳县
丽水市,龙泉市
金华市,永康市
丽水市,龙泉市
丽水市,松阳县
金华市,永康市
绍兴市,柯桥区
金华市,东阳市
杭州市,余杭区
杭州市,余杭区
台州市,温岭市
台州市,温岭市
台州市,路桥区
台州市,路桥区
台州市,临海市
台州市,临海市
台州市,黄岩区
台州市,路桥区
台州市,路桥区
台州市,路桥区
台州市,路桥区
台州市,三门县
台州市,三门县
台州市,三门县
台州市,三门县
台州市,三门县
台州市,三门县
台州市,三门县
台州市,黄岩区
湖州市,长兴县
金华市,永康市
金华市,永康市
绍兴市,嵊州市
金华市,永康市
温州市,瑞安市
丽水市,遂昌县
杭州市,余杭区
杭州市,余杭区
台州市,天台县
绍兴市,柯桥区
绍兴市,柯桥区
台州市,天台县
金华市,永康市
绍兴市,柯桥区
绍兴市,上虞区
金华市,永康市
杭州市,余杭区
杭州市,余杭区
杭州市,余杭区
台州市,温岭市
宁波市,江北区
衢州市,江山市
杭州市,江干区
杭州市,江干区
宁波市,鄞州区
湖州市,长兴县
衢州市,江山市
丽水市,莲都区
杭州市,拱墅区
温州市,文成县
绍兴市,嵊州市
湖州市,南浔区
台州市,温岭市
杭州市,萧山区
杭州市,萧山区
舟山市,定海区
杭州市,江干区
杭州市,西湖区
温州市,泰顺县
台州市,椒江区
台州市,温岭市
金华市,东阳市
杭州市,拱墅区
温州市,文成县
衢州市,常山县
衢州市,柯城区
杭州市,余杭区
杭州市,余杭区
杭州市,余杭区
台州市,温岭市
台州市,温岭市
台州市,温岭市
台州市,温岭市
台州市,黄岩区
台州市,路桥区
杭州市,余杭区
杭州市,余杭区
杭州市,余杭区
杭州市,余杭区
杭州市,余杭区
杭州市,余杭区
杭州市,余杭区
台州市,黄岩区
台州市,椒江区
绍兴市,上虞区
杭州市,余杭区
杭州市,余杭区
绍兴市,诸暨市
绍兴市,新昌县
杭州市,余杭区
金华市,东阳市
金华市,东阳市
湖州市,吴兴区
金华市,东阳市
湖州市,吴兴区
湖州市,安吉县
金华市,东阳市
金华市,东阳市
金华市,东阳市
金华市,东阳市
金华市,东阳市
金华市,东阳市
金华市,东阳市
金华市,东阳市
金华市,永康市
金华市,东阳市
金华市,东阳市
金华市,东阳市
金华市,东阳市
台州市,临海市
台州市,路桥区
台州市,路桥区
台州市,路桥区
台州市,临海市
杭州市,江干区
金华市,金东区
杭州市,滨江区
温州市,瓯海区
衢州市,江山市
温州市,瓯海区
台州市,临海市
杭州市,桐庐县
台州市,路桥区
台州市,黄岩区
台州市,椒江区
杭州市,余杭区
杭州市,余杭区
杭州市,余杭区
金华市,东阳市
金华市,东阳市
丽水市,云和县
丽水市,云和县
金华市,东阳市
湖州市,吴兴区
绍兴市,柯桥区
杭州市,余杭区
绍兴市,上虞区
绍兴市,上虞区
金华市,东阳市
杭州市,余杭区
杭州市,萧山市
丽水市,丽水市
绍兴市,诸暨市
金华市,东阳市
绍兴市,诸暨市
绍兴市,诸暨市
丽水市,景宁畲族自治县
金华市,东阳市
金华市,兰溪市
湖州市,长兴县
绍兴市,嵊州市
绍兴市,嵊州市
绍兴市,嵊州市
杭州市,萧山市
台州市,玉环市
绍兴市,柯桥区
丽水市,景宁县
杭州市,滨江区
温州市,乐清市
绍兴市,诸暨市
丽水市,庆元县
金华市,东阳市
温州市,乐清市
丽水市,松阳县
绍兴市,滨海新城
丽水市,青田县
丽水市,松阳县
杭州市,余杭区
杭州市,余杭区
台州市,临海市
绍兴市,诸暨市
绍兴市,诸暨市
杭州市,余杭区
杭州市,余杭区
杭州市,余杭区
杭州市,余杭区
杭州市,余杭区
杭州市,余杭区
金华市,义乌市
杭州市,余杭区
杭州市,余杭区
杭州市,余杭区
杭州市,余杭区
杭州市,余杭区
杭州市,余杭区
杭州市,余杭区
杭州市,余杭区
杭州市,余杭区
杭州市,余杭区
杭州市,余杭区
杭州市,余杭区
杭州市,余杭区
杭州市,余杭区
杭州市,余杭区
杭州市,余杭区
杭州市,余杭区
杭州市,余杭区
舟山市,定海区
湖州市,安吉县
绍兴市,柯桥区
杭州市,余杭区
杭州市,江干区
杭州市,余杭区
杭州市,余杭区
杭州市,余杭区
杭州市,余杭区
杭州市,余杭区
杭州市,余杭区
湖州市,吴兴区
湖州市,吴兴区
嘉兴市,南湖区
金华市,永康市
金华市,兰溪市
绍兴市,诸暨市
金华市,兰溪市
金华市,兰溪市
金华市,兰溪市
杭州市,西湖区
嘉兴市,桐乡市
杭州市,上城区
金华市,义乌市
湖州市,南浔区
绍兴市,嵊州市
绍兴市,嵊州市
绍兴市,嵊州市
湖州市,吴兴区
湖州市,吴兴区
湖州市,吴兴区
湖州市,吴兴区
湖州市,吴兴区
湖州市,吴兴区
杭州市,余杭区
杭州市,余杭区
杭州市,余杭区
嘉兴市,南湖区
杭州市,余杭区
杭州市,余杭区
杭州市,余杭区
丽水市,云和县
杭州市,余杭区
杭州市,余杭区
台州市,天台县
杭州市,余杭区
湖州市,南浔区
绍兴市,诸暨市
湖州市,南浔区
湖州市,南浔区
湖州市,南浔区
杭州市,余杭区
杭州市,余杭区
杭州市,余杭区
杭州市,余杭区
杭州市,余杭区
湖州市,吴兴区
金华市,金东区
金华市,金东区
金华市,婺城区
金华市,婺城区
杭州市,经济技术开发区
杭州市,余杭区
杭州市,余杭区
杭州市,余杭区
杭州市,余杭区
杭州市,余杭区
杭州市,余杭区
杭州市,余杭区
湖州市,德清县
杭州市,余杭区
杭州市,余杭区
杭州市,余杭区
杭州市,余杭区
杭州市,余杭区
杭州市,余杭区
杭州市,余杭区
杭州市,余杭区
金华市,东阳市
金华市,东阳市
绍兴市,嵊州市
衢州市,开化县
湖州市,长兴县
杭州市,余杭区
杭州市,余杭区
金华市,义乌市
杭州市,余杭区
杭州市,余杭区
杭州市,余杭区
杭州市,余杭区
杭州市,余杭区
杭州市,余杭区
杭州市,余杭区
金华市,东阳市
金华市,东阳市
杭州市,余杭区
杭州市,余杭区
杭州市,余杭区
金华市,义乌市
杭州市,余杭区
绍兴市,诸暨市
杭州市,余杭区
杭州市,余杭区
杭州市,余杭区
杭州市,余杭区
绍兴市,柯桥区
杭州市,余杭区
杭州市,余杭区
杭州市,余杭区
杭州市,余杭区
杭州市,余杭区
杭州市,余杭区
台州市,温岭市
台州市,路桥区
杭州市,余杭区
金华市,东阳市
金华市,东阳市
金华市,东阳市
金华市,东阳市
金华市,义乌市
杭州市,余杭区
杭州市,余杭区
金华市,东阳市
杭州市,余杭区
杭州市,余杭区
杭州市,余杭区
杭州市,经济技术开发区
湖州市,长兴县
绍兴市,诸暨市
湖州市,长兴县
湖州市,长兴县
湖州市,长兴县
金华市,义乌市
杭州市,余杭区
杭州市,余杭区
金华市,婺城区
金华市,金东区
金华市,婺城区
金华市,兰溪市
金华市,兰溪市
金华市,兰溪市
金华市,兰溪市
绍兴市,诸暨市
绍兴市,诸暨市
金华市,兰溪市
杭州市,余杭区
杭州市,余杭区
杭州市,余杭区
杭州市,余杭区
杭州市,余杭区
丽水市,莲都区
丽水市,青田县
杭州市,余杭区
湖州市,吴兴区
杭州市,余杭区
杭州市,余杭区
杭州市,余杭区
杭州市,余杭区
杭州市,余杭区
杭州市,余杭区
杭州市,余杭区
杭州市,余杭区
杭州市,余杭区
杭州市,余杭区
湖州市,长兴县
金华市,兰溪市
绍兴市,诸暨市
杭州市,余杭区
杭州市,余杭区
杭州市,余杭区
杭州市,余杭区
杭州市,余杭区
金华市,兰溪市
绍兴市,诸暨市
绍兴市,诸暨市
杭州市,余杭区
杭州市,余杭区
杭州市,余杭区
杭州市,余杭区
杭州市,滨江区
湖州市,吴兴区
杭州市,余杭区
杭州市,余杭区
杭州市,余杭区
杭州市,余杭区
台州市,温岭市
台州市,台州经济开发区
台州市,临海市
台州市,临海市
台州市,椒江区
湖州市,长兴县
绍兴市,诸暨市
绍兴市,诸暨市
金华市,兰溪市
金华市,兰溪市
金华市,兰溪市
金华市,婺城区
金华市,金东区
绍兴市,诸暨市
金华市,兰溪市
杭州市,经济技术开发区
杭州市,余杭区
杭州市,余杭区
杭州市,余杭区
杭州市,余杭区
杭州市,余杭区
杭州市,余杭区
杭州市,余杭区
杭州市,西湖区
杭州市,余杭区
台州市,温岭市
台州市,玉环市
杭州市,余杭区
杭州市,经济技术开发区
杭州市,余杭区
杭州市,余杭区
杭州市,余杭区
杭州市,余杭区
金华市,兰溪市
金华市,兰溪市
杭州市,上城区
杭州市,余杭区
金华市,东阳市
金华市,东阳市
衢州市,柯城区
金华市,兰溪市
金华市,兰溪市
金华市,兰溪市
金华市,金东区
绍兴市,诸暨市
金华市,兰溪市
金华市,兰溪市
金华市,兰溪市
衢州市,江山市
丽水市,青田县
杭州市,余杭区
杭州市,余杭区
杭州市,余杭区
杭州市,余杭区
杭州市,余杭区
杭州市,余杭区
湖州市,吴兴区
杭州市,江干区
杭州市,余杭区
杭州市,余杭区
金华市,金东区
金华市,金东区
金华市,金东区
金华市,兰溪市
杭州市,滨江区
杭州市,余杭区
湖州市,南浔区
湖州市,南浔区
湖州市,南浔区
绍兴市,诸暨市
湖州市,南浔区
湖州市,吴兴区
湖州市,吴兴区
杭州市,余杭区
杭州市,余杭区
杭州市,余杭区
杭州市,余杭区
杭州市,余杭区
杭州市,余杭区
杭州市,余杭区
杭州市,余杭区
杭州市,余杭区
金华市,义乌市
湖州市,长兴县
金华市,义乌市
杭州市,余杭区
杭州市,余杭区
杭州市,余杭区
杭州市,余杭区
杭州市,余杭区
金华市,东阳市
杭州市,余杭区
杭州市,余杭区
杭州市,余杭区
杭州市,余杭区
杭州市,余杭区
杭州市,余杭区
绍兴市,嵊州市
杭州市,余杭区
绍兴市,诸暨市
绍兴市,诸暨市
杭州市,余杭区
杭州市,余杭区
杭州市,余杭区
杭州市,经济技术开发区
杭州市,余杭区
杭州市,余杭区
杭州市,余杭区
温州市,鹿城区
金华市,金东区
湖州市,南浔区
杭州市,余杭区
杭州市,余杭区
杭州市,余杭区
嘉兴市,南湖区
杭州市,余杭区
杭州市,余杭区
绍兴市,诸暨市
绍兴市,诸暨市
杭州市,余杭区
杭州市,余杭区
金华市,东阳市
杭州市,余杭区
杭州市,余杭区
杭州市,余杭区
台州市,玉环市
杭州市,余杭区
杭州市,余杭区
杭州市,余杭区
杭州市,余杭区
杭州市,余杭区
杭州市,余杭区
杭州市,余杭区
金华市,东阳市
金华市,义乌市
金华市,义乌市
杭州市,余杭区
台州市,临海市
台州市,温岭市
台州市,临海市
杭州市,余杭区
绍兴市,嵊州市
绍兴市,诸暨市
绍兴市,诸暨市
杭州市,余杭区
杭州市,余杭区
台州市,温岭市
台州市,天台县
金华市,东阳市
金华市,东阳市
金华市,东阳市
金华市,东阳市
杭州市,余杭区
杭州市,余杭区
杭州市,余杭区
杭州市,余杭区
金华市,东阳市
